/ip4/46.101.121.76/tcp/30304/p2p/16Uiu2HAm15wcw7EwxWu7xgEQKi3zam3ihBDDiNaAosPn9xAcSHEH;1697407202;0;;0;0
/ip4/77.39.232.114/tcp/30304/p2p/16Uiu2HAmMySHs6jUx1NmFRxCv4oU2g9jfoVZm1ojYVtpWab4u6ii;1697407202;0;;0;0
/ip4/77.39.232.114/tcp/30304/p2p/16Uiu2HAmEtsfJfUQsBcvmVjH2nduQwuL498Ramx8G4KdHX5MmsmQ;1697407202;0;;0;0
/ip4/212.227.230.189/tcp/30304/p2p/16Uiu2HAmGWwppvdjxgJbHKh8wjgVhxUZeYPxoLkkDbWuSuRx4dPa;1697407202;0;;0;0
/ip4/88.198.49.106/tcp/60000/p2p/16Uiu2HAm7brscR6VnooBgdnjwv62BC2eneCAXFkeWWkXbDdyhDXu;1697407202;0;;0;0
/dns4/waku.yomi.ninja/tcp/30304/p2p/16Uiu2HAm15wcw7EwxWu7xgEQKi3zam3ihBDDiNaAosPn9xAcSHEH;1697407202;0;;0;0
/ip4/46.101.121.76/tcp/30304/p2p/16Uiu2HAm15wcw7EwxWu7xgEQKi3zam3ihBDDiNaAosPn9xAcSHEH;1697407213;0;;0;0
/ip4/77.39.232.114/tcp/30304/p2p/16Uiu2HAmMySHs6jUx1NmFRxCv4oU2g9jfoVZm1ojYVtpWab4u6ii;1697407213;0;;0;0
/ip4/77.39.232.114/tcp/30304/p2p/16Uiu2HAmEtsfJfUQsBcvmVjH2nduQwuL498Ramx8G4KdHX5MmsmQ;1697407213;0;;0;0
/ip4/212.227.230.189/tcp/30304/p2p/16Uiu2HAmGWwppvdjxgJbHKh8wjgVhxUZeYPxoLkkDbWuSuRx4dPa;1697407213;0;;0;0
/ip4/88.198.49.106/tcp/60000/p2p/16Uiu2HAm7brscR6VnooBgdnjwv62BC2eneCAXFkeWWkXbDdyhDXu;1697407213;0;;0;0
/dns4/waku.yomi.ninja/tcp/30304/p2p/16Uiu2HAm15wcw7EwxWu7xgEQKi3zam3ihBDDiNaAosPn9xAcSHEH;1697407213;0;;0;0
/ip4/88.198.49.106/tcp/60000/p2p/16Uiu2HAm7brscR6VnooBgdnjwv62BC2eneCAXFkeWWkXbDdyhDXu;1697407225;0;24;1;0
/ip4/46.101.121.76/tcp/30304/p2p/16Uiu2HAm15wcw7EwxWu7xgEQKi3zam3ihBDDiNaAosPn9xAcSHEH;1697407225;0;;0;0
/ip4/77.39.232.114/tcp/30304/p2p/16Uiu2HAmMySHs6jUx1NmFRxCv4oU2g9jfoVZm1ojYVtpWab4u6ii;1697407225;0;;0;0
/ip4/77.39.232.114/tcp/30304/p2p/16Uiu2HAmEtsfJfUQsBcvmVjH2nduQwuL498Ramx8G4KdHX5MmsmQ;1697407225;0;;0;0
/ip4/212.227.230.189/tcp/30304/p2p/16Uiu2HAmGWwppvdjxgJbHKh8wjgVhxUZeYPxoLkkDbWuSuRx4dPa;1697407225;0;;0;0
/dns4/waku.yomi.ninja/tcp/30304/p2p/16Uiu2HAm15wcw7EwxWu7xgEQKi3zam3ihBDDiNaAosPn9xAcSHEH;1697407225;0;;0;0
/ip4/46.101.121.76/tcp/30304/p2p/16Uiu2HAm15wcw7EwxWu7xgEQKi3zam3ihBDDiNaAosPn9xAcSHEH;1697407236;0;;0;0
/ip4/77.39.232.114/tcp/30304/p2p/16Uiu2HAmMySHs6jUx1NmFRxCv4oU2g9jfoVZm1ojYVtpWab4u6ii;1697407236;0;;0;0
/ip4/77.39.232.114/tcp/30304/p2p/16Uiu2HAmEtsfJfUQsBcvmVjH2nduQwuL498Ramx8G4KdHX5MmsmQ;1697407236;0;;0;0
/ip4/212.227.230.189/tcp/30304/p2p/16Uiu2HAmGWwppvdjxgJbHKh8wjgVhxUZeYPxoLkkDbWuSuRx4dPa;1697407236;0;;0;0
/ip4/88.198.49.106/tcp/60000/p2p/16Uiu2HAm7brscR6VnooBgdnjwv62BC2eneCAXFkeWWkXbDdyhDXu;1697407236;0;23;0;0
/dns4/waku.yomi.ninja/tcp/30304/p2p/16Uiu2HAm15wcw7EwxWu7xgEQKi3zam3ihBDDiNaAosPn9xAcSHEH;1697407236;0;;0;0
/ip4/88.198.49.106/tcp/60000/p2p/16Uiu2HAm7brscR6VnooBgdnjwv62BC2eneCAXFkeWWkXbDdyhDXu;1697407248;0;25;1;0
/ip4/46.101.121.76/tcp/30304/p2p/16Uiu2HAm15wcw7EwxWu7xgEQKi3zam3ihBDDiNaAosPn9xAcSHEH;1697407248;0;;0;0
/ip4/77.39.232.114/tcp/30304/p2p/16Uiu2HAmMySHs6jUx1NmFRxCv4oU2g9jfoVZm1ojYVtpWab4u6ii;1697407248;0;;0;0
/ip4/77.39.232.114/tcp/30304/p2p/16Uiu2HAmEtsfJfUQsBcvmVjH2nduQwuL498Ramx8G4KdHX5MmsmQ;1697407248;0;;0;0
/ip4/212.227.230.189/tcp/30304/p2p/16Uiu2HAmGWwppvdjxgJbHKh8wjgVhxUZeYPxoLkkDbWuSuRx4dPa;1697407248;0;;0;0
/dns4/waku.yomi.ninja/tcp/30304/p2p/16Uiu2HAm15wcw7EwxWu7xgEQKi3zam3ihBDDiNaAosPn9xAcSHEH;1697407248;0;;0;0
/ip4/88.198.49.106/tcp/60000/p2p/16Uiu2HAm7brscR6VnooBgdnjwv62BC2eneCAXFkeWWkXbDdyhDXu;1697407260;0;23;1;0
/ip4/46.101.121.76/tcp/30304/p2p/16Uiu2HAm15wcw7EwxWu7xgEQKi3zam3ihBDDiNaAosPn9xAcSHEH;1697407260;0;;0;0
/ip4/77.39.232.114/tcp/30304/p2p/16Uiu2HAmMySHs6jUx1NmFRxCv4oU2g9jfoVZm1ojYVtpWab4u6ii;1697407260;0;;0;0
/ip4/77.39.232.114/tcp/30304/p2p/16Uiu2HAmEtsfJfUQsBcvmVjH2nduQwuL498Ramx8G4KdHX5MmsmQ;1697407260;0;;0;0
/ip4/212.227.230.189/tcp/30304/p2p/16Uiu2HAmGWwppvdjxgJbHKh8wjgVhxUZeYPxoLkkDbWuSuRx4dPa;1697407260;0;;0;0
/dns4/waku.yomi.ninja/tcp/30304/p2p/16Uiu2HAm15wcw7EwxWu7xgEQKi3zam3ihBDDiNaAosPn9xAcSHEH;1697407260;0;;0;0
/ip4/88.198.49.106/tcp/60000/p2p/16Uiu2HAm7brscR6VnooBgdnjwv62BC2eneCAXFkeWWkXbDdyhDXu;1697407272;0;30;1;0
/ip4/46.101.121.76/tcp/30304/p2p/16Uiu2HAm15wcw7EwxWu7xgEQKi3zam3ihBDDiNaAosPn9xAcSHEH;1697407272;0;;0;0
/ip4/77.39.232.114/tcp/30304/p2p/16Uiu2HAmMySHs6jUx1NmFRxCv4oU2g9jfoVZm1ojYVtpWab4u6ii;1697407272;0;;0;0
/ip4/77.39.232.114/tcp/30304/p2p/16Uiu2HAmEtsfJfUQsBcvmVjH2nduQwuL498Ramx8G4KdHX5MmsmQ;1697407272;0;;0;0
/ip4/212.227.230.189/tcp/30304/p2p/16Uiu2HAmGWwppvdjxgJbHKh8wjgVhxUZeYPxoLkkDbWuSuRx4dPa;1697407272;0;;0;0
/dns4/waku.yomi.ninja/tcp/30304/p2p/16Uiu2HAm15wcw7EwxWu7xgEQKi3zam3ihBDDiNaAosPn9xAcSHEH;1697407272;0;;0;0
/ip4/88.198.49.106/tcp/60000/p2p/16Uiu2HAm7brscR6VnooBgdnjwv62BC2eneCAXFkeWWkXbDdyhDXu;1697407283;0;27;1;0
/ip4/46.101.121.76/tcp/30304/p2p/16Uiu2HAm15wcw7EwxWu7xgEQKi3zam3ihBDDiNaAosPn9xAcSHEH;1697407283;0;;0;0
/ip4/77.39.232.114/tcp/30304/p2p/16Uiu2HAmMySHs6jUx1NmFRxCv4oU2g9jfoVZm1ojYVtpWab4u6ii;1697407283;0;;0;0
/ip4/77.39.232.114/tcp/30304/p2p/16Uiu2HAmEtsfJfUQsBcvmVjH2nduQwuL498Ramx8G4KdHX5MmsmQ;1697407283;0;;0;0
/ip4/212.227.230.189/tcp/30304/p2p/16Uiu2HAmGWwppvdjxgJbHKh8wjgVhxUZeYPxoLkkDbWuSuRx4dPa;1697407283;0;;0;0
/dns4/waku.yomi.ninja/tcp/30304/p2p/16Uiu2HAm15wcw7EwxWu7xgEQKi3zam3ihBDDiNaAosPn9xAcSHEH;1697407283;0;;0;0
/ip4/88.198.49.106/tcp/60000/p2p/16Uiu2HAm7brscR6VnooBgdnjwv62BC2eneCAXFkeWWkXbDdyhDXu;1697407295;0;24;1;0
/ip4/46.101.121.76/tcp/30304/p2p/16Uiu2HAm15wcw7EwxWu7xgEQKi3zam3ihBDDiNaAosPn9xAcSHEH;1697407295;0;;0;0
/ip4/77.39.232.114/tcp/30304/p2p/16Uiu2HAmMySHs6jUx1NmFRxCv4oU2g9jfoVZm1ojYVtpWab4u6ii;1697407295;0;;0;0
/ip4/77.39.232.114/tcp/30304/p2p/16Uiu2HAmEtsfJfUQsBcvmVjH2nduQwuL498Ramx8G4KdHX5MmsmQ;1697407295;0;;0;0
/ip4/212.227.230.189/tcp/30304/p2p/16Uiu2HAmGWwppvdjxgJbHKh8wjgVhxUZeYPxoLkkDbWuSuRx4dPa;1697407295;0;;0;0
/dns4/waku.yomi.ninja/tcp/30304/p2p/16Uiu2HAm15wcw7EwxWu7xgEQKi3zam3ihBDDiNaAosPn9xAcSHEH;1697407295;0;;0;0
/ip4/88.198.49.106/tcp/60000/p2p/16Uiu2HAm7brscR6VnooBgdnjwv62BC2eneCAXFkeWWkXbDdyhDXu;1697407306;0;27;1;0
/ip4/46.101.121.76/tcp/30304/p2p/16Uiu2HAm15wcw7EwxWu7xgEQKi3zam3ihBDDiNaAosPn9xAcSHEH;1697407306;0;;0;0
/ip4/77.39.232.114/tcp/30304/p2p/16Uiu2HAmMySHs6jUx1NmFRxCv4oU2g9jfoVZm1ojYVtpWab4u6ii;1697407306;0;;0;0
/ip4/77.39.232.114/tcp/30304/p2p/16Uiu2HAmEtsfJfUQsBcvmVjH2nduQwuL498Ramx8G4KdHX5MmsmQ;1697407306;0;;0;0
/ip4/212.227.230.189/tcp/30304/p2p/16Uiu2HAmGWwppvdjxgJbHKh8wjgVhxUZeYPxoLkkDbWuSuRx4dPa;1697407306;0;;0;0
/dns4/waku.yomi.ninja/tcp/30304/p2p/16Uiu2HAm15wcw7EwxWu7xgEQKi3zam3ihBDDiNaAosPn9xAcSHEH;1697407306;0;;0;0
/ip4/88.198.49.106/tcp/60000/p2p/16Uiu2HAm7brscR6VnooBgdnjwv62BC2eneCAXFkeWWkXbDdyhDXu;1697407317;0;24;1;0
/ip4/46.101.121.76/tcp/30304/p2p/16Uiu2HAm15wcw7EwxWu7xgEQKi3zam3ihBDDiNaAosPn9xAcSHEH;1697407317;0;;0;0
/ip4/77.39.232.114/tcp/30304/p2p/16Uiu2HAmMySHs6jUx1NmFRxCv4oU2g9jfoVZm1ojYVtpWab4u6ii;1697407317;0;;0;0
/ip4/77.39.232.114/tcp/30304/p2p/16Uiu2HAmEtsfJfUQsBcvmVjH2nduQwuL498Ramx8G4KdHX5MmsmQ;1697407317;0;;0;0
/ip4/212.227.230.189/tcp/30304/p2p/16Uiu2HAmGWwppvdjxgJbHKh8wjgVhxUZeYPxoLkkDbWuSuRx4dPa;1697407317;0;;0;0
/dns4/waku.yomi.ninja/tcp/30304/p2p/16Uiu2HAm15wcw7EwxWu7xgEQKi3zam3ihBDDiNaAosPn9xAcSHEH;1697407317;0;;0;0
/ip4/88.198.49.106/tcp/60000/p2p/16Uiu2HAm7brscR6VnooBgdnjwv62BC2eneCAXFkeWWkXbDdyhDXu;1697407343;0;23;1;0
/ip4/46.101.121.76/tcp/30304/p2p/16Uiu2HAm15wcw7EwxWu7xgEQKi3zam3ihBDDiNaAosPn9xAcSHEH;1697407343;0;;0;0
/ip4/77.39.232.114/tcp/30304/p2p/16Uiu2HAmMySHs6jUx1NmFRxCv4oU2g9jfoVZm1ojYVtpWab4u6ii;1697407343;0;;0;0
/ip4/77.39.232.114/tcp/30304/p2p/16Uiu2HAmEtsfJfUQsBcvmVjH2nduQwuL498Ramx8G4KdHX5MmsmQ;1697407343;0;;0;0
/ip4/212.227.230.189/tcp/30304/p2p/16Uiu2HAmGWwppvdjxgJbHKh8wjgVhxUZeYPxoLkkDbWuSuRx4dPa;1697407343;0;;0;0
/dns4/waku.yomi.ninja/tcp/30304/p2p/16Uiu2HAm15wcw7EwxWu7xgEQKi3zam3ihBDDiNaAosPn9xAcSHEH;1697407343;0;;0;0
/ip4/88.198.49.106/tcp/60000/p2p/16Uiu2HAm7brscR6VnooBgdnjwv62BC2eneCAXFkeWWkXbDdyhDXu;1697407354;0;23;1;0
/ip4/46.101.121.76/tcp/30304/p2p/16Uiu2HAm15wcw7EwxWu7xgEQKi3zam3ihBDDiNaAosPn9xAcSHEH;1697407354;0;;0;0
/ip4/77.39.232.114/tcp/30304/p2p/16Uiu2HAmMySHs6jUx1NmFRxCv4oU2g9jfoVZm1ojYVtpWab4u6ii;1697407354;0;;0;0
/ip4/77.39.232.114/tcp/30304/p2p/16Uiu2HAmEtsfJfUQsBcvmVjH2nduQwuL498Ramx8G4KdHX5MmsmQ;1697407354;0;;0;0
/ip4/212.227.230.189/tcp/30304/p2p/16Uiu2HAmGWwppvdjxgJbHKh8wjgVhxUZeYPxoLkkDbWuSuRx4dPa;1697407354;0;;0;0
/dns4/waku.yomi.ninja/tcp/30304/p2p/16Uiu2HAm15wcw7EwxWu7xgEQKi3zam3ihBDDiNaAosPn9xAcSHEH;1697407354;0;;0;0
/ip4/88.198.49.106/tcp/60000/p2p/16Uiu2HAm7brscR6VnooBgdnjwv62BC2eneCAXFkeWWkXbDdyhDXu;1697407366;0;24;1;0
/ip4/46.101.121.76/tcp/30304/p2p/16Uiu2HAm15wcw7EwxWu7xgEQKi3zam3ihBDDiNaAosPn9xAcSHEH;1697407366;0;;0;0
/ip4/77.39.232.114/tcp/30304/p2p/16Uiu2HAmMySHs6jUx1NmFRxCv4oU2g9jfoVZm1ojYVtpWab4u6ii;1697407366;0;;0;0
/ip4/77.39.232.114/tcp/30304/p2p/16Uiu2HAmEtsfJfUQsBcvmVjH2nduQwuL498Ramx8G4KdHX5MmsmQ;1697407366;0;;0;0
/ip4/212.227.230.189/tcp/30304/p2p/16Uiu2HAmGWwppvdjxgJbHKh8wjgVhxUZeYPxoLkkDbWuSuRx4dPa;1697407366;0;;0;0
/dns4/waku.yomi.ninja/tcp/30304/p2p/16Uiu2HAm15wcw7EwxWu7xgEQKi3zam3ihBDDiNaAosPn9xAcSHEH;1697407366;0;;0;0
/ip4/88.198.49.106/tcp/60000/p2p/16Uiu2HAm7brscR6VnooBgdnjwv62BC2eneCAXFkeWWkXbDdyhDXu;1697407377;0;23;1;0
/ip4/46.101.121.76/tcp/30304/p2p/16Uiu2HAm15wcw7EwxWu7xgEQKi3zam3ihBDDiNaAosPn9xAcSHEH;1697407377;0;;0;0
/ip4/77.39.232.114/tcp/30304/p2p/16Uiu2HAmMySHs6jUx1NmFRxCv4oU2g9jfoVZm1ojYVtpWab4u6ii;1697407377;0;;0;0
/ip4/77.39.232.114/tcp/30304/p2p/16Uiu2HAmEtsfJfUQsBcvmVjH2nduQwuL498Ramx8G4KdHX5MmsmQ;1697407377;0;;0;0
/ip4/212.227.230.189/tcp/30304/p2p/16Uiu2HAmGWwppvdjxgJbHKh8wjgVhxUZeYPxoLkkDbWuSuRx4dPa;1697407377;0;;0;0
/dns4/waku.yomi.ninja/tcp/30304/p2p/16Uiu2HAm15wcw7EwxWu7xgEQKi3zam3ihBDDiNaAosPn9xAcSHEH;1697407377;0;;0;0
/ip4/88.198.49.106/tcp/60000/p2p/16Uiu2HAm7brscR6VnooBgdnjwv62BC2eneCAXFkeWWkXbDdyhDXu;1697407388;0;23;1;0
/ip4/46.101.121.76/tcp/30304/p2p/16Uiu2HAm15wcw7EwxWu7xgEQKi3zam3ihBDDiNaAosPn9xAcSHEH;1697407388;0;;0;0
/ip4/77.39.232.114/tcp/30304/p2p/16Uiu2HAmMySHs6jUx1NmFRxCv4oU2g9jfoVZm1ojYVtpWab4u6ii;1697407388;0;;0;0
/ip4/77.39.232.114/tcp/30304/p2p/16Uiu2HAmEtsfJfUQsBcvmVjH2nduQwuL498Ramx8G4KdHX5MmsmQ;1697407388;0;;0;0
/ip4/212.227.230.189/tcp/30304/p2p/16Uiu2HAmGWwppvdjxgJbHKh8wjgVhxUZeYPxoLkkDbWuSuRx4dPa;1697407388;0;;0;0
/dns4/waku.yomi.ninja/tcp/30304/p2p/16Uiu2HAm15wcw7EwxWu7xgEQKi3zam3ihBDDiNaAosPn9xAcSHEH;1697407388;0;;0;0
/ip4/88.198.49.106/tcp/60000/p2p/16Uiu2HAm7brscR6VnooBgdnjwv62BC2eneCAXFkeWWkXbDdyhDXu;1697407400;0;24;1;0
/ip4/46.101.121.76/tcp/30304/p2p/16Uiu2HAm15wcw7EwxWu7xgEQKi3zam3ihBDDiNaAosPn9xAcSHEH;1697407400;0;;0;0
/ip4/77.39.232.114/tcp/30304/p2p/16Uiu2HAmMySHs6jUx1NmFRxCv4oU2g9jfoVZm1ojYVtpWab4u6ii;1697407400;0;;0;0
/ip4/77.39.232.114/tcp/30304/p2p/16Uiu2HAmEtsfJfUQsBcvmVjH2nduQwuL498Ramx8G4KdHX5MmsmQ;1697407400;0;;0;0
/ip4/212.227.230.189/tcp/30304/p2p/16Uiu2HAmGWwppvdjxgJbHKh8wjgVhxUZeYPxoLkkDbWuSuRx4dPa;1697407400;0;;0;0
/dns4/waku.yomi.ninja/tcp/30304/p2p/16Uiu2HAm15wcw7EwxWu7xgEQKi3zam3ihBDDiNaAosPn9xAcSHEH;1697407400;0;;0;0
/ip4/88.198.49.106/tcp/60000/p2p/16Uiu2HAm7brscR6VnooBgdnjwv62BC2eneCAXFkeWWkXbDdyhDXu;1697407411;0;24;1;0
/ip4/46.101.121.76/tcp/30304/p2p/16Uiu2HAm15wcw7EwxWu7xgEQKi3zam3ihBDDiNaAosPn9xAcSHEH;1697407411;0;;0;0
/ip4/77.39.232.114/tcp/30304/p2p/16Uiu2HAmMySHs6jUx1NmFRxCv4oU2g9jfoVZm1ojYVtpWab4u6ii;1697407411;0;;0;0
/ip4/77.39.232.114/tcp/30304/p2p/16Uiu2HAmEtsfJfUQsBcvmVjH2nduQwuL498Ramx8G4KdHX5MmsmQ;1697407411;0;;0;0
/ip4/212.227.230.189/tcp/30304/p2p/16Uiu2HAmGWwppvdjxgJbHKh8wjgVhxUZeYPxoLkkDbWuSuRx4dPa;1697407411;0;;0;0
/dns4/waku.yomi.ninja/tcp/30304/p2p/16Uiu2HAm15wcw7EwxWu7xgEQKi3zam3ihBDDiNaAosPn9xAcSHEH;1697407411;0;;0;0
/ip4/88.198.49.106/tcp/60000/p2p/16Uiu2HAm7brscR6VnooBgdnjwv62BC2eneCAXFkeWWkXbDdyhDXu;1697407422;0;23;1;0
/ip4/46.101.121.76/tcp/30304/p2p/16Uiu2HAm15wcw7EwxWu7xgEQKi3zam3ihBDDiNaAosPn9xAcSHEH;1697407422;0;;0;0
/ip4/77.39.232.114/tcp/30304/p2p/16Uiu2HAmMySHs6jUx1NmFRxCv4oU2g9jfoVZm1ojYVtpWab4u6ii;1697407422;0;;0;0
/ip4/77.39.232.114/tcp/30304/p2p/16Uiu2HAmEtsfJfUQsBcvmVjH2nduQwuL498Ramx8G4KdHX5MmsmQ;1697407422;0;;0;0
/ip4/212.227.230.189/tcp/30304/p2p/16Uiu2HAmGWwppvdjxgJbHKh8wjgVhxUZeYPxoLkkDbWuSuRx4dPa;1697407422;0;;0;0
/dns4/waku.yomi.ninja/tcp/30304/p2p/16Uiu2HAm15wcw7EwxWu7xgEQKi3zam3ihBDDiNaAosPn9xAcSHEH;1697407422;0;;0;0
/ip4/88.198.49.106/tcp/60000/p2p/16Uiu2HAm7brscR6VnooBgdnjwv62BC2eneCAXFkeWWkXbDdyhDXu;1697407433;0;35;1;0
/ip4/46.101.121.76/tcp/30304/p2p/16Uiu2HAm15wcw7EwxWu7xgEQKi3zam3ihBDDiNaAosPn9xAcSHEH;1697407433;0;;0;0
/ip4/77.39.232.114/tcp/30304/p2p/16Uiu2HAmMySHs6jUx1NmFRxCv4oU2g9jfoVZm1ojYVtpWab4u6ii;1697407433;0;;0;0
/ip4/77.39.232.114/tcp/30304/p2p/16Uiu2HAmEtsfJfUQsBcvmVjH2nduQwuL498Ramx8G4KdHX5MmsmQ;1697407433;0;;0;0
/ip4/212.227.230.189/tcp/30304/p2p/16Uiu2HAmGWwppvdjxgJbHKh8wjgVhxUZeYPxoLkkDbWuSuRx4dPa;1697407433;0;;0;0
/dns4/waku.yomi.ninja/tcp/30304/p2p/16Uiu2HAm15wcw7EwxWu7xgEQKi3zam3ihBDDiNaAosPn9xAcSHEH;1697407433;0;;0;0
/ip4/88.198.49.106/tcp/60000/p2p/16Uiu2HAm7brscR6VnooBgdnjwv62BC2eneCAXFkeWWkXbDdyhDXu;1697407444;0;23;1;0
/ip4/46.101.121.76/tcp/30304/p2p/16Uiu2HAm15wcw7EwxWu7xgEQKi3zam3ihBDDiNaAosPn9xAcSHEH;1697407444;0;;0;0
/ip4/77.39.232.114/tcp/30304/p2p/16Uiu2HAmMySHs6jUx1NmFRxCv4oU2g9jfoVZm1ojYVtpWab4u6ii;1697407444;0;;0;0
/ip4/77.39.232.114/tcp/30304/p2p/16Uiu2HAmEtsfJfUQsBcvmVjH2nduQwuL498Ramx8G4KdHX5MmsmQ;1697407444;0;;0;0
/ip4/212.227.230.189/tcp/30304/p2p/16Uiu2HAmGWwppvdjxgJbHKh8wjgVhxUZeYPxoLkkDbWuSuRx4dPa;1697407444;0;;0;0
/dns4/waku.yomi.ninja/tcp/30304/p2p/16Uiu2HAm15wcw7EwxWu7xgEQKi3zam3ihBDDiNaAosPn9xAcSHEH;1697407444;0;;0;0
/ip4/88.198.49.106/tcp/60000/p2p/16Uiu2HAm7brscR6VnooBgdnjwv62BC2eneCAXFkeWWkXbDdyhDXu;1697407456;0;24;1;0
/ip4/46.101.121.76/tcp/30304/p2p/16Uiu2HAm15wcw7EwxWu7xgEQKi3zam3ihBDDiNaAosPn9xAcSHEH;1697407456;0;;0;0
/ip4/77.39.232.114/tcp/30304/p2p/16Uiu2HAmMySHs6jUx1NmFRxCv4oU2g9jfoVZm1ojYVtpWab4u6ii;1697407456;0;;0;0
/ip4/77.39.232.114/tcp/30304/p2p/16Uiu2HAmEtsfJfUQsBcvmVjH2nduQwuL498Ramx8G4KdHX5MmsmQ;1697407456;0;;0;0
/ip4/212.227.230.189/tcp/30304/p2p/16Uiu2HAmGWwppvdjxgJbHKh8wjgVhxUZeYPxoLkkDbWuSuRx4dPa;1697407456;0;;0;0
/dns4/waku.yomi.ninja/tcp/30304/p2p/16Uiu2HAm15wcw7EwxWu7xgEQKi3zam3ihBDDiNaAosPn9xAcSHEH;1697407456;0;;0;0
/ip4/88.198.49.106/tcp/60000/p2p/16Uiu2HAm7brscR6VnooBgdnjwv62BC2eneCAXFkeWWkXbDdyhDXu;1697407467;0;23;1;0
/ip4/46.101.121.76/tcp/30304/p2p/16Uiu2HAm15wcw7EwxWu7xgEQKi3zam3ihBDDiNaAosPn9xAcSHEH;1697407467;0;;0;0
/ip4/77.39.232.114/tcp/30304/p2p/16Uiu2HAmMySHs6jUx1NmFRxCv4oU2g9jfoVZm1ojYVtpWab4u6ii;1697407467;0;;0;0
/ip4/77.39.232.114/tcp/30304/p2p/16Uiu2HAmEtsfJfUQsBcvmVjH2nduQwuL498Ramx8G4KdHX5MmsmQ;1697407467;0;;0;0
/ip4/212.227.230.189/tcp/30304/p2p/16Uiu2HAmGWwppvdjxgJbHKh8wjgVhxUZeYPxoLkkDbWuSuRx4dPa;1697407467;0;;0;0
/dns4/waku.yomi.ninja/tcp/30304/p2p/16Uiu2HAm15wcw7EwxWu7xgEQKi3zam3ihBDDiNaAosPn9xAcSHEH;1697407467;0;;0;0
/ip4/88.198.49.106/tcp/60000/p2p/16Uiu2HAm7brscR6VnooBgdnjwv62BC2eneCAXFkeWWkXbDdyhDXu;1697407478;0;23;1;0
/ip4/46.101.121.76/tcp/30304/p2p/16Uiu2HAm15wcw7EwxWu7xgEQKi3zam3ihBDDiNaAosPn9xAcSHEH;1697407478;0;;0;0
/ip4/77.39.232.114/tcp/30304/p2p/16Uiu2HAmMySHs6jUx1NmFRxCv4oU2g9jfoVZm1ojYVtpWab4u6ii;1697407478;0;;0;0
/ip4/77.39.232.114/tcp/30304/p2p/16Uiu2HAmEtsfJfUQsBcvmVjH2nduQwuL498Ramx8G4KdHX5MmsmQ;1697407478;0;;0;0
/ip4/212.227.230.189/tcp/30304/p2p/16Uiu2HAmGWwppvdjxgJbHKh8wjgVhxUZeYPxoLkkDbWuSuRx4dPa;1697407478;0;;0;0
/dns4/waku.yomi.ninja/tcp/30304/p2p/16Uiu2HAm15wcw7EwxWu7xgEQKi3zam3ihBDDiNaAosPn9xAcSHEH;1697407478;0;;0;0
/ip4/88.198.49.106/tcp/60000/p2p/16Uiu2HAm7brscR6VnooBgdnjwv62BC2eneCAXFkeWWkXbDdyhDXu;1697407490;0;24;1;0
/ip4/46.101.121.76/tcp/30304/p2p/16Uiu2HAm15wcw7EwxWu7xgEQKi3zam3ihBDDiNaAosPn9xAcSHEH;1697407490;0;;0;0
/ip4/77.39.232.114/tcp/30304/p2p/16Uiu2HAmMySHs6jUx1NmFRxCv4oU2g9jfoVZm1ojYVtpWab4u6ii;1697407490;0;;0;0
/ip4/77.39.232.114/tcp/30304/p2p/16Uiu2HAmEtsfJfUQsBcvmVjH2nduQwuL498Ramx8G4KdHX5MmsmQ;1697407490;0;;0;0
/ip4/212.227.230.189/tcp/30304/p2p/16Uiu2HAmGWwppvdjxgJbHKh8wjgVhxUZeYPxoLkkDbWuSuRx4dPa;1697407490;0;;0;0
/dns4/waku.yomi.ninja/tcp/30304/p2p/16Uiu2HAm15wcw7EwxWu7xgEQKi3zam3ihBDDiNaAosPn9xAcSHEH;1697407490;0;;0;0
/ip4/88.198.49.106/tcp/60000/p2p/16Uiu2HAm7brscR6VnooBgdnjwv62BC2eneCAXFkeWWkXbDdyhDXu;1697407501;0;24;1;0
/ip4/46.101.121.76/tcp/30304/p2p/16Uiu2HAm15wcw7EwxWu7xgEQKi3zam3ihBDDiNaAosPn9xAcSHEH;1697407501;0;;0;0
/ip4/77.39.232.114/tcp/30304/p2p/16Uiu2HAmMySHs6jUx1NmFRxCv4oU2g9jfoVZm1ojYVtpWab4u6ii;1697407501;0;;0;0
/ip4/77.39.232.114/tcp/30304/p2p/16Uiu2HAmEtsfJfUQsBcvmVjH2nduQwuL498Ramx8G4KdHX5MmsmQ;1697407501;0;;0;0
/ip4/212.227.230.189/tcp/30304/p2p/16Uiu2HAmGWwppvdjxgJbHKh8wjgVhxUZeYPxoLkkDbWuSuRx4dPa;1697407501;0;;0;0
/dns4/waku.yomi.ninja/tcp/30304/p2p/16Uiu2HAm15wcw7EwxWu7xgEQKi3zam3ihBDDiNaAosPn9xAcSHEH;1697407501;0;;0;0
/ip4/88.198.49.106/tcp/60000/p2p/16Uiu2HAm7brscR6VnooBgdnjwv62BC2eneCAXFkeWWkXbDdyhDXu;1697407512;0;23;1;0
/ip4/46.101.121.76/tcp/30304/p2p/16Uiu2HAm15wcw7EwxWu7xgEQKi3zam3ihBDDiNaAosPn9xAcSHEH;1697407512;0;;0;0
/ip4/77.39.232.114/tcp/30304/p2p/16Uiu2HAmMySHs6jUx1NmFRxCv4oU2g9jfoVZm1ojYVtpWab4u6ii;1697407512;0;;0;0
/ip4/77.39.232.114/tcp/30304/p2p/16Uiu2HAmEtsfJfUQsBcvmVjH2nduQwuL498Ramx8G4KdHX5MmsmQ;1697407512;0;;0;0
/ip4/212.227.230.189/tcp/30304/p2p/16Uiu2HAmGWwppvdjxgJbHKh8wjgVhxUZeYPxoLkkDbWuSuRx4dPa;1697407512;0;;0;0
/dns4/waku.yomi.ninja/tcp/30304/p2p/16Uiu2HAm15wcw7EwxWu7xgEQKi3zam3ihBDDiNaAosPn9xAcSHEH;1697407512;0;;0;0
/ip4/88.198.49.106/tcp/60000/p2p/16Uiu2HAm7brscR6VnooBgdnjwv62BC2eneCAXFkeWWkXbDdyhDXu;1697407523;0;31;1;0
/ip4/46.101.121.76/tcp/30304/p2p/16Uiu2HAm15wcw7EwxWu7xgEQKi3zam3ihBDDiNaAosPn9xAcSHEH;1697407523;0;;0;0
/ip4/77.39.232.114/tcp/30304/p2p/16Uiu2HAmMySHs6jUx1NmFRxCv4oU2g9jfoVZm1ojYVtpWab4u6ii;1697407523;0;;0;0
/ip4/77.39.232.114/tcp/30304/p2p/16Uiu2HAmEtsfJfUQsBcvmVjH2nduQwuL498Ramx8G4KdHX5MmsmQ;1697407523;0;;0;0
/ip4/212.227.230.189/tcp/30304/p2p/16Uiu2HAmGWwppvdjxgJbHKh8wjgVhxUZeYPxoLkkDbWuSuRx4dPa;1697407523;0;;0;0
/dns4/waku.yomi.ninja/tcp/30304/p2p/16Uiu2HAm15wcw7EwxWu7xgEQKi3zam3ihBDDiNaAosPn9xAcSHEH;1697407523;0;;0;0
/ip4/88.198.49.106/tcp/60000/p2p/16Uiu2HAm7brscR6VnooBgdnjwv62BC2eneCAXFkeWWkXbDdyhDXu;1697407535;0;23;1;0
/ip4/46.101.121.76/tcp/30304/p2p/16Uiu2HAm15wcw7EwxWu7xgEQKi3zam3ihBDDiNaAosPn9xAcSHEH;1697407535;0;;0;0
/ip4/77.39.232.114/tcp/30304/p2p/16Uiu2HAmMySHs6jUx1NmFRxCv4oU2g9jfoVZm1ojYVtpWab4u6ii;1697407535;0;;0;0
/ip4/77.39.232.114/tcp/30304/p2p/16Uiu2HAmEtsfJfUQsBcvmVjH2nduQwuL498Ramx8G4KdHX5MmsmQ;1697407535;0;;0;0
/ip4/212.227.230.189/tcp/30304/p2p/16Uiu2HAmGWwppvdjxgJbHKh8wjgVhxUZeYPxoLkkDbWuSuRx4dPa;1697407535;0;;0;0
/dns4/waku.yomi.ninja/tcp/30304/p2p/16Uiu2HAm15wcw7EwxWu7xgEQKi3zam3ihBDDiNaAosPn9xAcSHEH;1697407535;0;;0;0
/ip4/88.198.49.106/tcp/60000/p2p/16Uiu2HAm7brscR6VnooBgdnjwv62BC2eneCAXFkeWWkXbDdyhDXu;1697407546;0;23;1;0
/ip4/46.101.121.76/tcp/30304/p2p/16Uiu2HAm15wcw7EwxWu7xgEQKi3zam3ihBDDiNaAosPn9xAcSHEH;1697407546;0;;0;0
/ip4/77.39.232.114/tcp/30304/p2p/16Uiu2HAmMySHs6jUx1NmFRxCv4oU2g9jfoVZm1ojYVtpWab4u6ii;1697407546;0;;0;0
/ip4/77.39.232.114/tcp/30304/p2p/16Uiu2HAmEtsfJfUQsBcvmVjH2nduQwuL498Ramx8G4KdHX5MmsmQ;1697407546;0;;0;0
/ip4/212.227.230.189/tcp/30304/p2p/16Uiu2HAmGWwppvdjxgJbHKh8wjgVhxUZeYPxoLkkDbWuSuRx4dPa;1697407546;0;;0;0
/dns4/waku.yomi.ninja/tcp/30304/p2p/16Uiu2HAm15wcw7EwxWu7xgEQKi3zam3ihBDDiNaAosPn9xAcSHEH;1697407546;0;;0;0
/ip4/88.198.49.106/tcp/60000/p2p/16Uiu2HAm7brscR6VnooBgdnjwv62BC2eneCAXFkeWWkXbDdyhDXu;1697407557;0;23;1;0
/ip4/46.101.121.76/tcp/30304/p2p/16Uiu2HAm15wcw7EwxWu7xgEQKi3zam3ihBDDiNaAosPn9xAcSHEH;1697407557;0;;0;0
/ip4/77.39.232.114/tcp/30304/p2p/16Uiu2HAmMySHs6jUx1NmFRxCv4oU2g9jfoVZm1ojYVtpWab4u6ii;1697407557;0;;0;0
/ip4/77.39.232.114/tcp/30304/p2p/16Uiu2HAmEtsfJfUQsBcvmVjH2nduQwuL498Ramx8G4KdHX5MmsmQ;1697407557;0;;0;0
/ip4/212.227.230.189/tcp/30304/p2p/16Uiu2HAmGWwppvdjxgJbHKh8wjgVhxUZeYPxoLkkDbWuSuRx4dPa;1697407557;0;;0;0
/dns4/waku.yomi.ninja/tcp/30304/p2p/16Uiu2HAm15wcw7EwxWu7xgEQKi3zam3ihBDDiNaAosPn9xAcSHEH;1697407557;0;;0;0
/ip4/88.198.49.106/tcp/60000/p2p/16Uiu2HAm7brscR6VnooBgdnjwv62BC2eneCAXFkeWWkXbDdyhDXu;1697407583;0;24;1;0
/ip4/46.101.121.76/tcp/30304/p2p/16Uiu2HAm15wcw7EwxWu7xgEQKi3zam3ihBDDiNaAosPn9xAcSHEH;1697407583;0;;0;0
/ip4/77.39.232.114/tcp/30304/p2p/16Uiu2HAmMySHs6jUx1NmFRxCv4oU2g9jfoVZm1ojYVtpWab4u6ii;1697407583;0;;0;0
/ip4/77.39.232.114/tcp/30304/p2p/16Uiu2HAmEtsfJfUQsBcvmVjH2nduQwuL498Ramx8G4KdHX5MmsmQ;1697407583;0;;0;0
/ip4/212.227.230.189/tcp/30304/p2p/16Uiu2HAmGWwppvdjxgJbHKh8wjgVhxUZeYPxoLkkDbWuSuRx4dPa;1697407583;0;;0;0
/dns4/waku.yomi.ninja/tcp/30304/p2p/16Uiu2HAm15wcw7EwxWu7xgEQKi3zam3ihBDDiNaAosPn9xAcSHEH;1697407583;0;;0;0
/ip4/88.198.49.106/tcp/60000/p2p/16Uiu2HAm7brscR6VnooBgdnjwv62BC2eneCAXFkeWWkXbDdyhDXu;1697407594;0;27;1;0
/ip4/46.101.121.76/tcp/30304/p2p/16Uiu2HAm15wcw7EwxWu7xgEQKi3zam3ihBDDiNaAosPn9xAcSHEH;1697407594;0;;0;0
/ip4/77.39.232.114/tcp/30304/p2p/16Uiu2HAmMySHs6jUx1NmFRxCv4oU2g9jfoVZm1ojYVtpWab4u6ii;1697407594;0;;0;0
/ip4/77.39.232.114/tcp/30304/p2p/16Uiu2HAmEtsfJfUQsBcvmVjH2nduQwuL498Ramx8G4KdHX5MmsmQ;1697407594;0;;0;0
/ip4/212.227.230.189/tcp/30304/p2p/16Uiu2HAmGWwppvdjxgJbHKh8wjgVhxUZeYPxoLkkDbWuSuRx4dPa;1697407594;0;;0;0
/dns4/waku.yomi.ninja/tcp/30304/p2p/16Uiu2HAm15wcw7EwxWu7xgEQKi3zam3ihBDDiNaAosPn9xAcSHEH;1697407594;0;;0;0
/ip4/88.198.49.106/tcp/60000/p2p/16Uiu2HAm7brscR6VnooBgdnjwv62BC2eneCAXFkeWWkXbDdyhDXu;1697407605;0;23;1;0
/ip4/46.101.121.76/tcp/30304/p2p/16Uiu2HAm15wcw7EwxWu7xgEQKi3zam3ihBDDiNaAosPn9xAcSHEH;1697407605;0;;0;0
/ip4/77.39.232.114/tcp/30304/p2p/16Uiu2HAmMySHs6jUx1NmFRxCv4oU2g9jfoVZm1ojYVtpWab4u6ii;1697407605;0;;0;0
/ip4/77.39.232.114/tcp/30304/p2p/16Uiu2HAmEtsfJfUQsBcvmVjH2nduQwuL498Ramx8G4KdHX5MmsmQ;1697407605;0;;0;0
/ip4/212.227.230.189/tcp/30304/p2p/16Uiu2HAmGWwppvdjxgJbHKh8wjgVhxUZeYPxoLkkDbWuSuRx4dPa;1697407605;0;;0;0
/dns4/waku.yomi.ninja/tcp/30304/p2p/16Uiu2HAm15wcw7EwxWu7xgEQKi3zam3ihBDDiNaAosPn9xAcSHEH;1697407605;0;;0;0
/ip4/88.198.49.106/tcp/60000/p2p/16Uiu2HAm7brscR6VnooBgdnjwv62BC2eneCAXFkeWWkXbDdyhDXu;1697407616;0;46;1;0
/ip4/46.101.121.76/tcp/30304/p2p/16Uiu2HAm15wcw7EwxWu7xgEQKi3zam3ihBDDiNaAosPn9xAcSHEH;1697407616;0;;0;0
/ip4/77.39.232.114/tcp/30304/p2p/16Uiu2HAmMySHs6jUx1NmFRxCv4oU2g9jfoVZm1ojYVtpWab4u6ii;1697407616;0;;0;0
/ip4/77.39.232.114/tcp/30304/p2p/16Uiu2HAmEtsfJfUQsBcvmVjH2nduQwuL498Ramx8G4KdHX5MmsmQ;1697407616;0;;0;0
/ip4/212.227.230.189/tcp/30304/p2p/16Uiu2HAmGWwppvdjxgJbHKh8wjgVhxUZeYPxoLkkDbWuSuRx4dPa;1697407616;0;;0;0
/dns4/waku.yomi.ninja/tcp/30304/p2p/16Uiu2HAm15wcw7EwxWu7xgEQKi3zam3ihBDDiNaAosPn9xAcSHEH;1697407616;0;;0;0
/ip4/88.198.49.106/tcp/60000/p2p/16Uiu2HAm7brscR6VnooBgdnjwv62BC2eneCAXFkeWWkXbDdyhDXu;1697407627;0;24;1;0
/ip4/46.101.121.76/tcp/30304/p2p/16Uiu2HAm15wcw7EwxWu7xgEQKi3zam3ihBDDiNaAosPn9xAcSHEH;1697407627;0;;0;0
/ip4/77.39.232.114/tcp/30304/p2p/16Uiu2HAmMySHs6jUx1NmFRxCv4oU2g9jfoVZm1ojYVtpWab4u6ii;1697407627;0;;0;0
/ip4/77.39.232.114/tcp/30304/p2p/16Uiu2HAmEtsfJfUQsBcvmVjH2nduQwuL498Ramx8G4KdHX5MmsmQ;1697407627;0;;0;0
/ip4/212.227.230.189/tcp/30304/p2p/16Uiu2HAmGWwppvdjxgJbHKh8wjgVhxUZeYPxoLkkDbWuSuRx4dPa;1697407627;0;;0;0
/dns4/waku.yomi.ninja/tcp/30304/p2p/16Uiu2HAm15wcw7EwxWu7xgEQKi3zam3ihBDDiNaAosPn9xAcSHEH;1697407627;0;;0;0
/ip4/88.198.49.106/tcp/60000/p2p/16Uiu2HAm7brscR6VnooBgdnjwv62BC2eneCAXFkeWWkXbDdyhDXu;1697407638;0;23;1;0
/ip4/46.101.121.76/tcp/30304/p2p/16Uiu2HAm15wcw7EwxWu7xgEQKi3zam3ihBDDiNaAosPn9xAcSHEH;1697407638;0;;0;0
/ip4/77.39.232.114/tcp/30304/p2p/16Uiu2HAmMySHs6jUx1NmFRxCv4oU2g9jfoVZm1ojYVtpWab4u6ii;1697407638;0;;0;0
/ip4/77.39.232.114/tcp/30304/p2p/16Uiu2HAmEtsfJfUQsBcvmVjH2nduQwuL498Ramx8G4KdHX5MmsmQ;1697407638;0;;0;0
/ip4/212.227.230.189/tcp/30304/p2p/16Uiu2HAmGWwppvdjxgJbHKh8wjgVhxUZeYPxoLkkDbWuSuRx4dPa;1697407638;0;;0;0
/dns4/waku.yomi.ninja/tcp/30304/p2p/16Uiu2HAm15wcw7EwxWu7xgEQKi3zam3ihBDDiNaAosPn9xAcSHEH;1697407638;0;;0;0
/ip4/88.198.49.106/tcp/60000/p2p/16Uiu2HAm7brscR6VnooBgdnjwv62BC2eneCAXFkeWWkXbDdyhDXu;1697407650;0;23;1;0
/ip4/46.101.121.76/tcp/30304/p2p/16Uiu2HAm15wcw7EwxWu7xgEQKi3zam3ihBDDiNaAosPn9xAcSHEH;1697407650;0;;0;0
/ip4/77.39.232.114/tcp/30304/p2p/16Uiu2HAmMySHs6jUx1NmFRxCv4oU2g9jfoVZm1ojYVtpWab4u6ii;1697407650;0;;0;0
/ip4/77.39.232.114/tcp/30304/p2p/16Uiu2HAmEtsfJfUQsBcvmVjH2nduQwuL498Ramx8G4KdHX5MmsmQ;1697407650;0;;0;0
/ip4/212.227.230.189/tcp/30304/p2p/16Uiu2HAmGWwppvdjxgJbHKh8wjgVhxUZeYPxoLkkDbWuSuRx4dPa;1697407650;0;;0;0
/dns4/waku.yomi.ninja/tcp/30304/p2p/16Uiu2HAm15wcw7EwxWu7xgEQKi3zam3ihBDDiNaAosPn9xAcSHEH;1697407650;0;;0;0
/ip4/88.198.49.106/tcp/60000/p2p/16Uiu2HAm7brscR6VnooBgdnjwv62BC2eneCAXFkeWWkXbDdyhDXu;1697407661;0;23;1;0
/ip4/46.101.121.76/tcp/30304/p2p/16Uiu2HAm15wcw7EwxWu7xgEQKi3zam3ihBDDiNaAosPn9xAcSHEH;1697407661;0;;0;0
/ip4/77.39.232.114/tcp/30304/p2p/16Uiu2HAmMySHs6jUx1NmFRxCv4oU2g9jfoVZm1ojYVtpWab4u6ii;1697407661;0;;0;0
/ip4/77.39.232.114/tcp/30304/p2p/16Uiu2HAmEtsfJfUQsBcvmVjH2nduQwuL498Ramx8G4KdHX5MmsmQ;1697407661;0;;0;0
/ip4/212.227.230.189/tcp/30304/p2p/16Uiu2HAmGWwppvdjxgJbHKh8wjgVhxUZeYPxoLkkDbWuSuRx4dPa;1697407661;0;;0;0
/dns4/waku.yomi.ninja/tcp/30304/p2p/16Uiu2HAm15wcw7EwxWu7xgEQKi3zam3ihBDDiNaAosPn9xAcSHEH;1697407661;0;;0;0
/ip4/88.198.49.106/tcp/60000/p2p/16Uiu2HAm7brscR6VnooBgdnjwv62BC2eneCAXFkeWWkXbDdyhDXu;1697407672;0;43;1;0
/ip4/46.101.121.76/tcp/30304/p2p/16Uiu2HAm15wcw7EwxWu7xgEQKi3zam3ihBDDiNaAosPn9xAcSHEH;1697407672;0;;0;0
/ip4/77.39.232.114/tcp/30304/p2p/16Uiu2HAmMySHs6jUx1NmFRxCv4oU2g9jfoVZm1ojYVtpWab4u6ii;1697407672;0;;0;0
/ip4/77.39.232.114/tcp/30304/p2p/16Uiu2HAmEtsfJfUQsBcvmVjH2nduQwuL498Ramx8G4KdHX5MmsmQ;1697407672;0;;0;0
/ip4/212.227.230.189/tcp/30304/p2p/16Uiu2HAmGWwppvdjxgJbHKh8wjgVhxUZeYPxoLkkDbWuSuRx4dPa;1697407672;0;;0;0
/dns4/waku.yomi.ninja/tcp/30304/p2p/16Uiu2HAm15wcw7EwxWu7xgEQKi3zam3ihBDDiNaAosPn9xAcSHEH;1697407672;0;;0;0
/ip4/88.198.49.106/tcp/60000/p2p/16Uiu2HAm7brscR6VnooBgdnjwv62BC2eneCAXFkeWWkXbDdyhDXu;1697407683;0;23;1;0
/ip4/46.101.121.76/tcp/30304/p2p/16Uiu2HAm15wcw7EwxWu7xgEQKi3zam3ihBDDiNaAosPn9xAcSHEH;1697407683;0;;0;0
/ip4/77.39.232.114/tcp/30304/p2p/16Uiu2HAmMySHs6jUx1NmFRxCv4oU2g9jfoVZm1ojYVtpWab4u6ii;1697407683;0;;0;0
/ip4/77.39.232.114/tcp/30304/p2p/16Uiu2HAmEtsfJfUQsBcvmVjH2nduQwuL498Ramx8G4KdHX5MmsmQ;1697407683;0;;0;0
/ip4/212.227.230.189/tcp/30304/p2p/16Uiu2HAmGWwppvdjxgJbHKh8wjgVhxUZeYPxoLkkDbWuSuRx4dPa;1697407683;0;;0;0
/dns4/waku.yomi.ninja/tcp/30304/p2p/16Uiu2HAm15wcw7EwxWu7xgEQKi3zam3ihBDDiNaAosPn9xAcSHEH;1697407683;0;;0;0
/ip4/88.198.49.106/tcp/60000/p2p/16Uiu2HAm7brscR6VnooBgdnjwv62BC2eneCAXFkeWWkXbDdyhDXu;1697407694;0;23;1;0
/ip4/46.101.121.76/tcp/30304/p2p/16Uiu2HAm15wcw7EwxWu7xgEQKi3zam3ihBDDiNaAosPn9xAcSHEH;1697407694;0;;0;0
/ip4/77.39.232.114/tcp/30304/p2p/16Uiu2HAmMySHs6jUx1NmFRxCv4oU2g9jfoVZm1ojYVtpWab4u6ii;1697407694;0;;0;0
/ip4/77.39.232.114/tcp/30304/p2p/16Uiu2HAmEtsfJfUQsBcvmVjH2nduQwuL498Ramx8G4KdHX5MmsmQ;1697407694;0;;0;0
/ip4/212.227.230.189/tcp/30304/p2p/16Uiu2HAmGWwppvdjxgJbHKh8wjgVhxUZeYPxoLkkDbWuSuRx4dPa;1697407694;0;;0;0
/dns4/waku.yomi.ninja/tcp/30304/p2p/16Uiu2HAm15wcw7EwxWu7xgEQKi3zam3ihBDDiNaAosPn9xAcSHEH;1697407694;0;;0;0
/ip4/88.198.49.106/tcp/60000/p2p/16Uiu2HAm7brscR6VnooBgdnjwv62BC2eneCAXFkeWWkXbDdyhDXu;1697407705;0;23;1;0
/ip4/46.101.121.76/tcp/30304/p2p/16Uiu2HAm15wcw7EwxWu7xgEQKi3zam3ihBDDiNaAosPn9xAcSHEH;1697407705;0;;0;0
/ip4/77.39.232.114/tcp/30304/p2p/16Uiu2HAmMySHs6jUx1NmFRxCv4oU2g9jfoVZm1ojYVtpWab4u6ii;1697407705;0;;0;0
/ip4/77.39.232.114/tcp/30304/p2p/16Uiu2HAmEtsfJfUQsBcvmVjH2nduQwuL498Ramx8G4KdHX5MmsmQ;1697407705;0;;0;0
/ip4/212.227.230.189/tcp/30304/p2p/16Uiu2HAmGWwppvdjxgJbHKh8wjgVhxUZeYPxoLkkDbWuSuRx4dPa;1697407705;0;;0;0
/dns4/waku.yomi.ninja/tcp/30304/p2p/16Uiu2HAm15wcw7EwxWu7xgEQKi3zam3ihBDDiNaAosPn9xAcSHEH;1697407705;0;;0;0
/ip4/88.198.49.106/tcp/60000/p2p/16Uiu2HAm7brscR6VnooBgdnjwv62BC2eneCAXFkeWWkXbDdyhDXu;1697407716;0;23;1;0
/ip4/46.101.121.76/tcp/30304/p2p/16Uiu2HAm15wcw7EwxWu7xgEQKi3zam3ihBDDiNaAosPn9xAcSHEH;1697407716;0;;0;0
/ip4/77.39.232.114/tcp/30304/p2p/16Uiu2HAmMySHs6jUx1NmFRxCv4oU2g9jfoVZm1ojYVtpWab4u6ii;1697407716;0;;0;0
/ip4/77.39.232.114/tcp/30304/p2p/16Uiu2HAmEtsfJfUQsBcvmVjH2nduQwuL498Ramx8G4KdHX5MmsmQ;1697407716;0;;0;0
/ip4/212.227.230.189/tcp/30304/p2p/16Uiu2HAmGWwppvdjxgJbHKh8wjgVhxUZeYPxoLkkDbWuSuRx4dPa;1697407716;0;;0;0
/dns4/waku.yomi.ninja/tcp/30304/p2p/16Uiu2HAm15wcw7EwxWu7xgEQKi3zam3ihBDDiNaAosPn9xAcSHEH;1697407716;0;;0;0
/ip4/46.101.121.76/tcp/30304/p2p/16Uiu2HAm15wcw7EwxWu7xgEQKi3zam3ihBDDiNaAosPn9xAcSHEH;1697407728;0;;0;0
/ip4/88.198.49.106/tcp/60000/p2p/16Uiu2HAm7brscR6VnooBgdnjwv62BC2eneCAXFkeWWkXbDdyhDXu;1697407728;0;23;1;0
/ip4/77.39.232.114/tcp/30304/p2p/16Uiu2HAmMySHs6jUx1NmFRxCv4oU2g9jfoVZm1ojYVtpWab4u6ii;1697407728;0;;0;0
/ip4/77.39.232.114/tcp/30304/p2p/16Uiu2HAmEtsfJfUQsBcvmVjH2nduQwuL498Ramx8G4KdHX5MmsmQ;1697407728;0;;0;0
/ip4/212.227.230.189/tcp/30304/p2p/16Uiu2HAmGWwppvdjxgJbHKh8wjgVhxUZeYPxoLkkDbWuSuRx4dPa;1697407728;0;;0;0
/dns4/waku.yomi.ninja/tcp/30304/p2p/16Uiu2HAm15wcw7EwxWu7xgEQKi3zam3ihBDDiNaAosPn9xAcSHEH;1697407728;0;;0;0
/ip4/88.198.49.106/tcp/60000/p2p/16Uiu2HAm7brscR6VnooBgdnjwv62BC2eneCAXFkeWWkXbDdyhDXu;1697407740;0;24;1;0
/ip4/46.101.121.76/tcp/30304/p2p/16Uiu2HAm15wcw7EwxWu7xgEQKi3zam3ihBDDiNaAosPn9xAcSHEH;1697407740;0;;0;0
/ip4/77.39.232.114/tcp/30304/p2p/16Uiu2HAmMySHs6jUx1NmFRxCv4oU2g9jfoVZm1ojYVtpWab4u6ii;1697407740;0;;0;0
/ip4/77.39.232.114/tcp/30304/p2p/16Uiu2HAmEtsfJfUQsBcvmVjH2nduQwuL498Ramx8G4KdHX5MmsmQ;1697407740;0;;0;0
/ip4/212.227.230.189/tcp/30304/p2p/16Uiu2HAmGWwppvdjxgJbHKh8wjgVhxUZeYPxoLkkDbWuSuRx4dPa;1697407740;0;;0;0
/dns4/waku.yomi.ninja/tcp/30304/p2p/16Uiu2HAm15wcw7EwxWu7xgEQKi3zam3ihBDDiNaAosPn9xAcSHEH;1697407740;0;;0;0
/ip4/88.198.49.106/tcp/60000/p2p/16Uiu2HAm7brscR6VnooBgdnjwv62BC2eneCAXFkeWWkXbDdyhDXu;1697407751;0;24;1;0
/ip4/46.101.121.76/tcp/30304/p2p/16Uiu2HAm15wcw7EwxWu7xgEQKi3zam3ihBDDiNaAosPn9xAcSHEH;1697407751;0;;0;0
/ip4/77.39.232.114/tcp/30304/p2p/16Uiu2HAmMySHs6jUx1NmFRxCv4oU2g9jfoVZm1ojYVtpWab4u6ii;1697407751;0;;0;0
/ip4/77.39.232.114/tcp/30304/p2p/16Uiu2HAmEtsfJfUQsBcvmVjH2nduQwuL498Ramx8G4KdHX5MmsmQ;1697407751;0;;0;0
/ip4/212.227.230.189/tcp/30304/p2p/16Uiu2HAmGWwppvdjxgJbHKh8wjgVhxUZeYPxoLkkDbWuSuRx4dPa;1697407751;0;;0;0
/dns4/waku.yomi.ninja/tcp/30304/p2p/16Uiu2HAm15wcw7EwxWu7xgEQKi3zam3ihBDDiNaAosPn9xAcSHEH;1697407751;0;;0;0
/ip4/88.198.49.106/tcp/60000/p2p/16Uiu2HAm7brscR6VnooBgdnjwv62BC2eneCAXFkeWWkXbDdyhDXu;1697407762;0;23;1;0
/ip4/46.101.121.76/tcp/30304/p2p/16Uiu2HAm15wcw7EwxWu7xgEQKi3zam3ihBDDiNaAosPn9xAcSHEH;1697407762;0;;0;0
/ip4/77.39.232.114/tcp/30304/p2p/16Uiu2HAmMySHs6jUx1NmFRxCv4oU2g9jfoVZm1ojYVtpWab4u6ii;1697407762;0;;0;0
/ip4/77.39.232.114/tcp/30304/p2p/16Uiu2HAmEtsfJfUQsBcvmVjH2nduQwuL498Ramx8G4KdHX5MmsmQ;1697407762;0;;0;0
/ip4/212.227.230.189/tcp/30304/p2p/16Uiu2HAmGWwppvdjxgJbHKh8wjgVhxUZeYPxoLkkDbWuSuRx4dPa;1697407762;0;;0;0
/dns4/waku.yomi.ninja/tcp/30304/p2p/16Uiu2HAm15wcw7EwxWu7xgEQKi3zam3ihBDDiNaAosPn9xAcSHEH;1697407762;0;;0;0
/ip4/88.198.49.106/tcp/60000/p2p/16Uiu2HAm7brscR6VnooBgdnjwv62BC2eneCAXFkeWWkXbDdyhDXu;1697407774;0;44;1;0
/ip4/46.101.121.76/tcp/30304/p2p/16Uiu2HAm15wcw7EwxWu7xgEQKi3zam3ihBDDiNaAosPn9xAcSHEH;1697407774;0;;0;0
/ip4/77.39.232.114/tcp/30304/p2p/16Uiu2HAmMySHs6jUx1NmFRxCv4oU2g9jfoVZm1ojYVtpWab4u6ii;1697407774;0;;0;0
/ip4/77.39.232.114/tcp/30304/p2p/16Uiu2HAmEtsfJfUQsBcvmVjH2nduQwuL498Ramx8G4KdHX5MmsmQ;1697407774;0;;0;0
/ip4/212.227.230.189/tcp/30304/p2p/16Uiu2HAmGWwppvdjxgJbHKh8wjgVhxUZeYPxoLkkDbWuSuRx4dPa;1697407774;0;;0;0
/dns4/waku.yomi.ninja/tcp/30304/p2p/16Uiu2HAm15wcw7EwxWu7xgEQKi3zam3ihBDDiNaAosPn9xAcSHEH;1697407774;0;;0;0
/ip4/88.198.49.106/tcp/60000/p2p/16Uiu2HAm7brscR6VnooBgdnjwv62BC2eneCAXFkeWWkXbDdyhDXu;1697407785;0;24;1;0
/ip4/46.101.121.76/tcp/30304/p2p/16Uiu2HAm15wcw7EwxWu7xgEQKi3zam3ihBDDiNaAosPn9xAcSHEH;1697407785;0;;0;0
/ip4/77.39.232.114/tcp/30304/p2p/16Uiu2HAmMySHs6jUx1NmFRxCv4oU2g9jfoVZm1ojYVtpWab4u6ii;1697407785;0;;0;0
/ip4/77.39.232.114/tcp/30304/p2p/16Uiu2HAmEtsfJfUQsBcvmVjH2nduQwuL498Ramx8G4KdHX5MmsmQ;1697407785;0;;0;0
/ip4/212.227.230.189/tcp/30304/p2p/16Uiu2HAmGWwppvdjxgJbHKh8wjgVhxUZeYPxoLkkDbWuSuRx4dPa;1697407785;0;;0;0
/dns4/waku.yomi.ninja/tcp/30304/p2p/16Uiu2HAm15wcw7EwxWu7xgEQKi3zam3ihBDDiNaAosPn9xAcSHEH;1697407785;0;;0;0
/ip4/88.198.49.106/tcp/60000/p2p/16Uiu2HAm7brscR6VnooBgdnjwv62BC2eneCAXFkeWWkXbDdyhDXu;1697407797;0;27;1;0
/ip4/46.101.121.76/tcp/30304/p2p/16Uiu2HAm15wcw7EwxWu7xgEQKi3zam3ihBDDiNaAosPn9xAcSHEH;1697407797;0;;0;0
/ip4/77.39.232.114/tcp/30304/p2p/16Uiu2HAmMySHs6jUx1NmFRxCv4oU2g9jfoVZm1ojYVtpWab4u6ii;1697407797;0;;0;0
/ip4/77.39.232.114/tcp/30304/p2p/16Uiu2HAmEtsfJfUQsBcvmVjH2nduQwuL498Ramx8G4KdHX5MmsmQ;1697407797;0;;0;0
/ip4/212.227.230.189/tcp/30304/p2p/16Uiu2HAmGWwppvdjxgJbHKh8wjgVhxUZeYPxoLkkDbWuSuRx4dPa;1697407797;0;;0;0
/dns4/waku.yomi.ninja/tcp/30304/p2p/16Uiu2HAm15wcw7EwxWu7xgEQKi3zam3ihBDDiNaAosPn9xAcSHEH;1697407797;0;;0;0
/ip4/88.198.49.106/tcp/60000/p2p/16Uiu2HAm7brscR6VnooBgdnjwv62BC2eneCAXFkeWWkXbDdyhDXu;1697407824;0;39;1;0
/ip4/46.101.121.76/tcp/30304/p2p/16Uiu2HAm15wcw7EwxWu7xgEQKi3zam3ihBDDiNaAosPn9xAcSHEH;1697407824;0;;0;0
/ip4/77.39.232.114/tcp/30304/p2p/16Uiu2HAmMySHs6jUx1NmFRxCv4oU2g9jfoVZm1ojYVtpWab4u6ii;1697407824;0;;0;0
/ip4/77.39.232.114/tcp/30304/p2p/16Uiu2HAmEtsfJfUQsBcvmVjH2nduQwuL498Ramx8G4KdHX5MmsmQ;1697407824;0;;0;0
/ip4/212.227.230.189/tcp/30304/p2p/16Uiu2HAmGWwppvdjxgJbHKh8wjgVhxUZeYPxoLkkDbWuSuRx4dPa;1697407824;0;;0;0
/dns4/waku.yomi.ninja/tcp/30304/p2p/16Uiu2HAm15wcw7EwxWu7xgEQKi3zam3ihBDDiNaAosPn9xAcSHEH;1697407824;0;;0;0
/ip4/88.198.49.106/tcp/60000/p2p/16Uiu2HAm7brscR6VnooBgdnjwv62BC2eneCAXFkeWWkXbDdyhDXu;1697407835;0;24;1;0
/ip4/46.101.121.76/tcp/30304/p2p/16Uiu2HAm15wcw7EwxWu7xgEQKi3zam3ihBDDiNaAosPn9xAcSHEH;1697407835;0;;0;0
/ip4/77.39.232.114/tcp/30304/p2p/16Uiu2HAmMySHs6jUx1NmFRxCv4oU2g9jfoVZm1ojYVtpWab4u6ii;1697407835;0;;0;0
/ip4/77.39.232.114/tcp/30304/p2p/16Uiu2HAmEtsfJfUQsBcvmVjH2nduQwuL498Ramx8G4KdHX5MmsmQ;1697407835;0;;0;0
/ip4/212.227.230.189/tcp/30304/p2p/16Uiu2HAmGWwppvdjxgJbHKh8wjgVhxUZeYPxoLkkDbWuSuRx4dPa;1697407835;0;;0;0
/dns4/waku.yomi.ninja/tcp/30304/p2p/16Uiu2HAm15wcw7EwxWu7xgEQKi3zam3ihBDDiNaAosPn9xAcSHEH;1697407835;0;;0;0
/ip4/88.198.49.106/tcp/60000/p2p/16Uiu2HAm7brscR6VnooBgdnjwv62BC2eneCAXFkeWWkXbDdyhDXu;1697407847;0;37;1;0
/ip4/46.101.121.76/tcp/30304/p2p/16Uiu2HAm15wcw7EwxWu7xgEQKi3zam3ihBDDiNaAosPn9xAcSHEH;1697407847;0;;0;0
/ip4/77.39.232.114/tcp/30304/p2p/16Uiu2HAmMySHs6jUx1NmFRxCv4oU2g9jfoVZm1ojYVtpWab4u6ii;1697407847;0;;0;0
/ip4/77.39.232.114/tcp/30304/p2p/16Uiu2HAmEtsfJfUQsBcvmVjH2nduQwuL498Ramx8G4KdHX5MmsmQ;1697407847;0;;0;0
/ip4/212.227.230.189/tcp/30304/p2p/16Uiu2HAmGWwppvdjxgJbHKh8wjgVhxUZeYPxoLkkDbWuSuRx4dPa;1697407847;0;;0;0
/dns4/waku.yomi.ninja/tcp/30304/p2p/16Uiu2HAm15wcw7EwxWu7xgEQKi3zam3ihBDDiNaAosPn9xAcSHEH;1697407847;0;;0;0
/ip4/88.198.49.106/tcp/60000/p2p/16Uiu2HAm7brscR6VnooBgdnjwv62BC2eneCAXFkeWWkXbDdyhDXu;1697407858;0;23;1;0
/ip4/46.101.121.76/tcp/30304/p2p/16Uiu2HAm15wcw7EwxWu7xgEQKi3zam3ihBDDiNaAosPn9xAcSHEH;1697407858;0;;0;0
/ip4/77.39.232.114/tcp/30304/p2p/16Uiu2HAmMySHs6jUx1NmFRxCv4oU2g9jfoVZm1ojYVtpWab4u6ii;1697407858;0;;0;0
/ip4/77.39.232.114/tcp/30304/p2p/16Uiu2HAmEtsfJfUQsBcvmVjH2nduQwuL498Ramx8G4KdHX5MmsmQ;1697407858;0;;0;0
/ip4/212.227.230.189/tcp/30304/p2p/16Uiu2HAmGWwppvdjxgJbHKh8wjgVhxUZeYPxoLkkDbWuSuRx4dPa;1697407858;0;;0;0
/dns4/waku.yomi.ninja/tcp/30304/p2p/16Uiu2HAm15wcw7EwxWu7xgEQKi3zam3ihBDDiNaAosPn9xAcSHEH;1697407858;0;;0;0
/ip4/88.198.49.106/tcp/60000/p2p/16Uiu2HAm7brscR6VnooBgdnjwv62BC2eneCAXFkeWWkXbDdyhDXu;1697407869;0;24;1;0
/ip4/46.101.121.76/tcp/30304/p2p/16Uiu2HAm15wcw7EwxWu7xgEQKi3zam3ihBDDiNaAosPn9xAcSHEH;1697407869;0;;0;0
/ip4/77.39.232.114/tcp/30304/p2p/16Uiu2HAmMySHs6jUx1NmFRxCv4oU2g9jfoVZm1ojYVtpWab4u6ii;1697407869;0;;0;0
/ip4/77.39.232.114/tcp/30304/p2p/16Uiu2HAmEtsfJfUQsBcvmVjH2nduQwuL498Ramx8G4KdHX5MmsmQ;1697407869;0;;0;0
/ip4/212.227.230.189/tcp/30304/p2p/16Uiu2HAmGWwppvdjxgJbHKh8wjgVhxUZeYPxoLkkDbWuSuRx4dPa;1697407869;0;;0;0
/dns4/waku.yomi.ninja/tcp/30304/p2p/16Uiu2HAm15wcw7EwxWu7xgEQKi3zam3ihBDDiNaAosPn9xAcSHEH;1697407869;0;;0;0
/ip4/88.198.49.106/tcp/60000/p2p/16Uiu2HAm7brscR6VnooBgdnjwv62BC2eneCAXFkeWWkXbDdyhDXu;1697407880;0;24;1;0
/ip4/46.101.121.76/tcp/30304/p2p/16Uiu2HAm15wcw7EwxWu7xgEQKi3zam3ihBDDiNaAosPn9xAcSHEH;1697407880;0;;0;0
/ip4/77.39.232.114/tcp/30304/p2p/16Uiu2HAmMySHs6jUx1NmFRxCv4oU2g9jfoVZm1ojYVtpWab4u6ii;1697407880;0;;0;0
/ip4/77.39.232.114/tcp/30304/p2p/16Uiu2HAmEtsfJfUQsBcvmVjH2nduQwuL498Ramx8G4KdHX5MmsmQ;1697407880;0;;0;0
/ip4/212.227.230.189/tcp/30304/p2p/16Uiu2HAmGWwppvdjxgJbHKh8wjgVhxUZeYPxoLkkDbWuSuRx4dPa;1697407880;0;;0;0
/dns4/waku.yomi.ninja/tcp/30304/p2p/16Uiu2HAm15wcw7EwxWu7xgEQKi3zam3ihBDDiNaAosPn9xAcSHEH;1697407880;0;;0;0
/ip4/88.198.49.106/tcp/60000/p2p/16Uiu2HAm7brscR6VnooBgdnjwv62BC2eneCAXFkeWWkXbDdyhDXu;1697407892;0;24;1;0
/ip4/46.101.121.76/tcp/30304/p2p/16Uiu2HAm15wcw7EwxWu7xgEQKi3zam3ihBDDiNaAosPn9xAcSHEH;1697407892;0;;0;0
/ip4/77.39.232.114/tcp/30304/p2p/16Uiu2HAmMySHs6jUx1NmFRxCv4oU2g9jfoVZm1ojYVtpWab4u6ii;1697407892;0;;0;0
/ip4/77.39.232.114/tcp/30304/p2p/16Uiu2HAmEtsfJfUQsBcvmVjH2nduQwuL498Ramx8G4KdHX5MmsmQ;1697407892;0;;0;0
/ip4/212.227.230.189/tcp/30304/p2p/16Uiu2HAmGWwppvdjxgJbHKh8wjgVhxUZeYPxoLkkDbWuSuRx4dPa;1697407892;0;;0;0
/dns4/waku.yomi.ninja/tcp/30304/p2p/16Uiu2HAm15wcw7EwxWu7xgEQKi3zam3ihBDDiNaAosPn9xAcSHEH;1697407892;0;;0;0
/ip4/88.198.49.106/tcp/60000/p2p/16Uiu2HAm7brscR6VnooBgdnjwv62BC2eneCAXFkeWWkXbDdyhDXu;1697407903;0;23;1;0
/ip4/46.101.121.76/tcp/30304/p2p/16Uiu2HAm15wcw7EwxWu7xgEQKi3zam3ihBDDiNaAosPn9xAcSHEH;1697407903;0;;0;0
/ip4/77.39.232.114/tcp/30304/p2p/16Uiu2HAmMySHs6jUx1NmFRxCv4oU2g9jfoVZm1ojYVtpWab4u6ii;1697407903;0;;0;0
/ip4/77.39.232.114/tcp/30304/p2p/16Uiu2HAmEtsfJfUQsBcvmVjH2nduQwuL498Ramx8G4KdHX5MmsmQ;1697407903;0;;0;0
/ip4/212.227.230.189/tcp/30304/p2p/16Uiu2HAmGWwppvdjxgJbHKh8wjgVhxUZeYPxoLkkDbWuSuRx4dPa;1697407903;0;;0;0
/dns4/waku.yomi.ninja/tcp/30304/p2p/16Uiu2HAm15wcw7EwxWu7xgEQKi3zam3ihBDDiNaAosPn9xAcSHEH;1697407903;0;;0;0
/ip4/88.198.49.106/tcp/60000/p2p/16Uiu2HAm7brscR6VnooBgdnjwv62BC2eneCAXFkeWWkXbDdyhDXu;1697407914;0;24;1;0
/ip4/46.101.121.76/tcp/30304/p2p/16Uiu2HAm15wcw7EwxWu7xgEQKi3zam3ihBDDiNaAosPn9xAcSHEH;1697407914;0;;0;0
/ip4/77.39.232.114/tcp/30304/p2p/16Uiu2HAmMySHs6jUx1NmFRxCv4oU2g9jfoVZm1ojYVtpWab4u6ii;1697407914;0;;0;0
/ip4/77.39.232.114/tcp/30304/p2p/16Uiu2HAmEtsfJfUQsBcvmVjH2nduQwuL498Ramx8G4KdHX5MmsmQ;1697407914;0;;0;0
/ip4/212.227.230.189/tcp/30304/p2p/16Uiu2HAmGWwppvdjxgJbHKh8wjgVhxUZeYPxoLkkDbWuSuRx4dPa;1697407914;0;;0;0
/dns4/waku.yomi.ninja/tcp/30304/p2p/16Uiu2HAm15wcw7EwxWu7xgEQKi3zam3ihBDDiNaAosPn9xAcSHEH;1697407914;0;;0;0
/ip4/88.198.49.106/tcp/60000/p2p/16Uiu2HAm7brscR6VnooBgdnjwv62BC2eneCAXFkeWWkXbDdyhDXu;1697407925;0;72;1;0
/ip4/46.101.121.76/tcp/30304/p2p/16Uiu2HAm15wcw7EwxWu7xgEQKi3zam3ihBDDiNaAosPn9xAcSHEH;1697407925;0;;0;0
/ip4/77.39.232.114/tcp/30304/p2p/16Uiu2HAmMySHs6jUx1NmFRxCv4oU2g9jfoVZm1ojYVtpWab4u6ii;1697407925;0;;0;0
/ip4/77.39.232.114/tcp/30304/p2p/16Uiu2HAmEtsfJfUQsBcvmVjH2nduQwuL498Ramx8G4KdHX5MmsmQ;1697407925;0;;0;0
/ip4/212.227.230.189/tcp/30304/p2p/16Uiu2HAmGWwppvdjxgJbHKh8wjgVhxUZeYPxoLkkDbWuSuRx4dPa;1697407925;0;;0;0
/dns4/waku.yomi.ninja/tcp/30304/p2p/16Uiu2HAm15wcw7EwxWu7xgEQKi3zam3ihBDDiNaAosPn9xAcSHEH;1697407925;0;;0;0
/ip4/88.198.49.106/tcp/60000/p2p/16Uiu2HAm7brscR6VnooBgdnjwv62BC2eneCAXFkeWWkXbDdyhDXu;1697407937;0;23;1;0
/ip4/46.101.121.76/tcp/30304/p2p/16Uiu2HAm15wcw7EwxWu7xgEQKi3zam3ihBDDiNaAosPn9xAcSHEH;1697407937;0;;0;0
/ip4/77.39.232.114/tcp/30304/p2p/16Uiu2HAmMySHs6jUx1NmFRxCv4oU2g9jfoVZm1ojYVtpWab4u6ii;1697407937;0;;0;0
/ip4/77.39.232.114/tcp/30304/p2p/16Uiu2HAmEtsfJfUQsBcvmVjH2nduQwuL498Ramx8G4KdHX5MmsmQ;1697407937;0;;0;0
/ip4/212.227.230.189/tcp/30304/p2p/16Uiu2HAmGWwppvdjxgJbHKh8wjgVhxUZeYPxoLkkDbWuSuRx4dPa;1697407937;0;;0;0
/dns4/waku.yomi.ninja/tcp/30304/p2p/16Uiu2HAm15wcw7EwxWu7xgEQKi3zam3ihBDDiNaAosPn9xAcSHEH;1697407937;0;;0;0
/ip4/88.198.49.106/tcp/60000/p2p/16Uiu2HAm7brscR6VnooBgdnjwv62BC2eneCAXFkeWWkXbDdyhDXu;1697407948;0;24;1;0
/ip4/46.101.121.76/tcp/30304/p2p/16Uiu2HAm15wcw7EwxWu7xgEQKi3zam3ihBDDiNaAosPn9xAcSHEH;1697407948;0;;0;0
/ip4/77.39.232.114/tcp/30304/p2p/16Uiu2HAmMySHs6jUx1NmFRxCv4oU2g9jfoVZm1ojYVtpWab4u6ii;1697407948;0;;0;0
/ip4/77.39.232.114/tcp/30304/p2p/16Uiu2HAmEtsfJfUQsBcvmVjH2nduQwuL498Ramx8G4KdHX5MmsmQ;1697407948;0;;0;0
/ip4/212.227.230.189/tcp/30304/p2p/16Uiu2HAmGWwppvdjxgJbHKh8wjgVhxUZeYPxoLkkDbWuSuRx4dPa;1697407948;0;;0;0
/dns4/waku.yomi.ninja/tcp/30304/p2p/16Uiu2HAm15wcw7EwxWu7xgEQKi3zam3ihBDDiNaAosPn9xAcSHEH;1697407948;0;;0;0
/ip4/88.198.49.106/tcp/60000/p2p/16Uiu2HAm7brscR6VnooBgdnjwv62BC2eneCAXFkeWWkXbDdyhDXu;1697407960;0;23;1;0
/ip4/46.101.121.76/tcp/30304/p2p/16Uiu2HAm15wcw7EwxWu7xgEQKi3zam3ihBDDiNaAosPn9xAcSHEH;1697407960;0;;0;0
/ip4/77.39.232.114/tcp/30304/p2p/16Uiu2HAmMySHs6jUx1NmFRxCv4oU2g9jfoVZm1ojYVtpWab4u6ii;1697407960;0;;0;0
/ip4/77.39.232.114/tcp/30304/p2p/16Uiu2HAmEtsfJfUQsBcvmVjH2nduQwuL498Ramx8G4KdHX5MmsmQ;1697407960;0;;0;0
/ip4/212.227.230.189/tcp/30304/p2p/16Uiu2HAmGWwppvdjxgJbHKh8wjgVhxUZeYPxoLkkDbWuSuRx4dPa;1697407960;0;;0;0
/dns4/waku.yomi.ninja/tcp/30304/p2p/16Uiu2HAm15wcw7EwxWu7xgEQKi3zam3ihBDDiNaAosPn9xAcSHEH;1697407960;0;;0;0
/ip4/88.198.49.106/tcp/60000/p2p/16Uiu2HAm7brscR6VnooBgdnjwv62BC2eneCAXFkeWWkXbDdyhDXu;1697407971;0;44;1;0
/ip4/46.101.121.76/tcp/30304/p2p/16Uiu2HAm15wcw7EwxWu7xgEQKi3zam3ihBDDiNaAosPn9xAcSHEH;1697407971;0;;0;0
/ip4/77.39.232.114/tcp/30304/p2p/16Uiu2HAmMySHs6jUx1NmFRxCv4oU2g9jfoVZm1ojYVtpWab4u6ii;1697407971;0;;0;0
/ip4/77.39.232.114/tcp/30304/p2p/16Uiu2HAmEtsfJfUQsBcvmVjH2nduQwuL498Ramx8G4KdHX5MmsmQ;1697407971;0;;0;0
/ip4/212.227.230.189/tcp/30304/p2p/16Uiu2HAmGWwppvdjxgJbHKh8wjgVhxUZeYPxoLkkDbWuSuRx4dPa;1697407971;0;;0;0
/dns4/waku.yomi.ninja/tcp/30304/p2p/16Uiu2HAm15wcw7EwxWu7xgEQKi3zam3ihBDDiNaAosPn9xAcSHEH;1697407971;0;;0;0
/ip4/88.198.49.106/tcp/60000/p2p/16Uiu2HAm7brscR6VnooBgdnjwv62BC2eneCAXFkeWWkXbDdyhDXu;1697407982;0;26;1;0
/ip4/46.101.121.76/tcp/30304/p2p/16Uiu2HAm15wcw7EwxWu7xgEQKi3zam3ihBDDiNaAosPn9xAcSHEH;1697407982;0;;0;0
/ip4/77.39.232.114/tcp/30304/p2p/16Uiu2HAmMySHs6jUx1NmFRxCv4oU2g9jfoVZm1ojYVtpWab4u6ii;1697407982;0;;0;0
/ip4/77.39.232.114/tcp/30304/p2p/16Uiu2HAmEtsfJfUQsBcvmVjH2nduQwuL498Ramx8G4KdHX5MmsmQ;1697407982;0;;0;0
/ip4/212.227.230.189/tcp/30304/p2p/16Uiu2HAmGWwppvdjxgJbHKh8wjgVhxUZeYPxoLkkDbWuSuRx4dPa;1697407982;0;;0;0
/dns4/waku.yomi.ninja/tcp/30304/p2p/16Uiu2HAm15wcw7EwxWu7xgEQKi3zam3ihBDDiNaAosPn9xAcSHEH;1697407982;0;;0;0
/ip4/88.198.49.106/tcp/60000/p2p/16Uiu2HAm7brscR6VnooBgdnjwv62BC2eneCAXFkeWWkXbDdyhDXu;1697407994;0;24;1;0
/ip4/46.101.121.76/tcp/30304/p2p/16Uiu2HAm15wcw7EwxWu7xgEQKi3zam3ihBDDiNaAosPn9xAcSHEH;1697407994;0;;0;0
/ip4/77.39.232.114/tcp/30304/p2p/16Uiu2HAmMySHs6jUx1NmFRxCv4oU2g9jfoVZm1ojYVtpWab4u6ii;1697407994;0;;0;0
/ip4/77.39.232.114/tcp/30304/p2p/16Uiu2HAmEtsfJfUQsBcvmVjH2nduQwuL498Ramx8G4KdHX5MmsmQ;1697407994;0;;0;0
/ip4/212.227.230.189/tcp/30304/p2p/16Uiu2HAmGWwppvdjxgJbHKh8wjgVhxUZeYPxoLkkDbWuSuRx4dPa;1697407994;0;;0;0
/dns4/waku.yomi.ninja/tcp/30304/p2p/16Uiu2HAm15wcw7EwxWu7xgEQKi3zam3ihBDDiNaAosPn9xAcSHEH;1697407994;0;;0;0
/ip4/88.198.49.106/tcp/60000/p2p/16Uiu2HAm7brscR6VnooBgdnjwv62BC2eneCAXFkeWWkXbDdyhDXu;1697408005;0;24;1;0
/ip4/46.101.121.76/tcp/30304/p2p/16Uiu2HAm15wcw7EwxWu7xgEQKi3zam3ihBDDiNaAosPn9xAcSHEH;1697408005;0;;0;0
/ip4/77.39.232.114/tcp/30304/p2p/16Uiu2HAmMySHs6jUx1NmFRxCv4oU2g9jfoVZm1ojYVtpWab4u6ii;1697408005;0;;0;0
/ip4/77.39.232.114/tcp/30304/p2p/16Uiu2HAmEtsfJfUQsBcvmVjH2nduQwuL498Ramx8G4KdHX5MmsmQ;1697408005;0;;0;0
/ip4/212.227.230.189/tcp/30304/p2p/16Uiu2HAmGWwppvdjxgJbHKh8wjgVhxUZeYPxoLkkDbWuSuRx4dPa;1697408005;0;;0;0
/dns4/waku.yomi.ninja/tcp/30304/p2p/16Uiu2HAm15wcw7EwxWu7xgEQKi3zam3ihBDDiNaAosPn9xAcSHEH;1697408005;0;;0;0
/ip4/88.198.49.106/tcp/60000/p2p/16Uiu2HAm7brscR6VnooBgdnjwv62BC2eneCAXFkeWWkXbDdyhDXu;1697408016;0;24;1;0
/ip4/46.101.121.76/tcp/30304/p2p/16Uiu2HAm15wcw7EwxWu7xgEQKi3zam3ihBDDiNaAosPn9xAcSHEH;1697408016;0;;0;0
/ip4/77.39.232.114/tcp/30304/p2p/16Uiu2HAmMySHs6jUx1NmFRxCv4oU2g9jfoVZm1ojYVtpWab4u6ii;1697408016;0;;0;0
/ip4/77.39.232.114/tcp/30304/p2p/16Uiu2HAmEtsfJfUQsBcvmVjH2nduQwuL498Ramx8G4KdHX5MmsmQ;1697408016;0;;0;0
/ip4/212.227.230.189/tcp/30304/p2p/16Uiu2HAmGWwppvdjxgJbHKh8wjgVhxUZeYPxoLkkDbWuSuRx4dPa;1697408016;0;;0;0
/dns4/waku.yomi.ninja/tcp/30304/p2p/16Uiu2HAm15wcw7EwxWu7xgEQKi3zam3ihBDDiNaAosPn9xAcSHEH;1697408016;0;;0;0
/ip4/88.198.49.106/tcp/60000/p2p/16Uiu2HAm7brscR6VnooBgdnjwv62BC2eneCAXFkeWWkXbDdyhDXu;1697408028;0;24;1;0
/ip4/46.101.121.76/tcp/30304/p2p/16Uiu2HAm15wcw7EwxWu7xgEQKi3zam3ihBDDiNaAosPn9xAcSHEH;1697408028;0;;0;0
/ip4/77.39.232.114/tcp/30304/p2p/16Uiu2HAmMySHs6jUx1NmFRxCv4oU2g9jfoVZm1ojYVtpWab4u6ii;1697408028;0;;0;0
/ip4/77.39.232.114/tcp/30304/p2p/16Uiu2HAmEtsfJfUQsBcvmVjH2nduQwuL498Ramx8G4KdHX5MmsmQ;1697408028;0;;0;0
/ip4/212.227.230.189/tcp/30304/p2p/16Uiu2HAmGWwppvdjxgJbHKh8wjgVhxUZeYPxoLkkDbWuSuRx4dPa;1697408028;0;;0;0
/dns4/waku.yomi.ninja/tcp/30304/p2p/16Uiu2HAm15wcw7EwxWu7xgEQKi3zam3ihBDDiNaAosPn9xAcSHEH;1697408028;0;;0;0
/ip4/88.198.49.106/tcp/60000/p2p/16Uiu2HAm7brscR6VnooBgdnjwv62BC2eneCAXFkeWWkXbDdyhDXu;1697408039;0;23;1;0
/ip4/46.101.121.76/tcp/30304/p2p/16Uiu2HAm15wcw7EwxWu7xgEQKi3zam3ihBDDiNaAosPn9xAcSHEH;1697408039;0;;0;0
/ip4/77.39.232.114/tcp/30304/p2p/16Uiu2HAmMySHs6jUx1NmFRxCv4oU2g9jfoVZm1ojYVtpWab4u6ii;1697408039;0;;0;0
/ip4/77.39.232.114/tcp/30304/p2p/16Uiu2HAmEtsfJfUQsBcvmVjH2nduQwuL498Ramx8G4KdHX5MmsmQ;1697408039;0;;0;0
/ip4/212.227.230.189/tcp/30304/p2p/16Uiu2HAmGWwppvdjxgJbHKh8wjgVhxUZeYPxoLkkDbWuSuRx4dPa;1697408039;0;;0;0
/dns4/waku.yomi.ninja/tcp/30304/p2p/16Uiu2HAm15wcw7EwxWu7xgEQKi3zam3ihBDDiNaAosPn9xAcSHEH;1697408039;0;;0;0
/ip4/88.198.49.106/tcp/60000/p2p/16Uiu2HAm7brscR6VnooBgdnjwv62BC2eneCAXFkeWWkXbDdyhDXu;1697408065;0;25;1;0
/ip4/46.101.121.76/tcp/30304/p2p/16Uiu2HAm15wcw7EwxWu7xgEQKi3zam3ihBDDiNaAosPn9xAcSHEH;1697408065;0;;0;0
/ip4/77.39.232.114/tcp/30304/p2p/16Uiu2HAmMySHs6jUx1NmFRxCv4oU2g9jfoVZm1ojYVtpWab4u6ii;1697408065;0;;0;0
/ip4/77.39.232.114/tcp/30304/p2p/16Uiu2HAmEtsfJfUQsBcvmVjH2nduQwuL498Ramx8G4KdHX5MmsmQ;1697408065;0;;0;0
/ip4/212.227.230.189/tcp/30304/p2p/16Uiu2HAmGWwppvdjxgJbHKh8wjgVhxUZeYPxoLkkDbWuSuRx4dPa;1697408065;0;;0;0
/dns4/waku.yomi.ninja/tcp/30304/p2p/16Uiu2HAm15wcw7EwxWu7xgEQKi3zam3ihBDDiNaAosPn9xAcSHEH;1697408065;0;;0;0
/ip4/88.198.49.106/tcp/60000/p2p/16Uiu2HAm7brscR6VnooBgdnjwv62BC2eneCAXFkeWWkXbDdyhDXu;1697408076;0;23;1;0
/ip4/46.101.121.76/tcp/30304/p2p/16Uiu2HAm15wcw7EwxWu7xgEQKi3zam3ihBDDiNaAosPn9xAcSHEH;1697408076;0;;0;0
/ip4/77.39.232.114/tcp/30304/p2p/16Uiu2HAmMySHs6jUx1NmFRxCv4oU2g9jfoVZm1ojYVtpWab4u6ii;1697408076;0;;0;0
/ip4/77.39.232.114/tcp/30304/p2p/16Uiu2HAmEtsfJfUQsBcvmVjH2nduQwuL498Ramx8G4KdHX5MmsmQ;1697408076;0;;0;0
/ip4/212.227.230.189/tcp/30304/p2p/16Uiu2HAmGWwppvdjxgJbHKh8wjgVhxUZeYPxoLkkDbWuSuRx4dPa;1697408076;0;;0;0
/dns4/waku.yomi.ninja/tcp/30304/p2p/16Uiu2HAm15wcw7EwxWu7xgEQKi3zam3ihBDDiNaAosPn9xAcSHEH;1697408076;0;;0;0
/ip4/88.198.49.106/tcp/60000/p2p/16Uiu2HAm7brscR6VnooBgdnjwv62BC2eneCAXFkeWWkXbDdyhDXu;1697408087;0;47;1;0
/ip4/46.101.121.76/tcp/30304/p2p/16Uiu2HAm15wcw7EwxWu7xgEQKi3zam3ihBDDiNaAosPn9xAcSHEH;1697408087;0;;0;0
/ip4/77.39.232.114/tcp/30304/p2p/16Uiu2HAmMySHs6jUx1NmFRxCv4oU2g9jfoVZm1ojYVtpWab4u6ii;1697408087;0;;0;0
/ip4/77.39.232.114/tcp/30304/p2p/16Uiu2HAmEtsfJfUQsBcvmVjH2nduQwuL498Ramx8G4KdHX5MmsmQ;1697408087;0;;0;0
/ip4/212.227.230.189/tcp/30304/p2p/16Uiu2HAmGWwppvdjxgJbHKh8wjgVhxUZeYPxoLkkDbWuSuRx4dPa;1697408087;0;;0;0
/dns4/waku.yomi.ninja/tcp/30304/p2p/16Uiu2HAm15wcw7EwxWu7xgEQKi3zam3ihBDDiNaAosPn9xAcSHEH;1697408087;0;;0;0
/ip4/88.198.49.106/tcp/60000/p2p/16Uiu2HAm7brscR6VnooBgdnjwv62BC2eneCAXFkeWWkXbDdyhDXu;1697408098;0;24;1;0
/ip4/46.101.121.76/tcp/30304/p2p/16Uiu2HAm15wcw7EwxWu7xgEQKi3zam3ihBDDiNaAosPn9xAcSHEH;1697408098;0;;0;0
/ip4/77.39.232.114/tcp/30304/p2p/16Uiu2HAmMySHs6jUx1NmFRxCv4oU2g9jfoVZm1ojYVtpWab4u6ii;1697408098;0;;0;0
/ip4/77.39.232.114/tcp/30304/p2p/16Uiu2HAmEtsfJfUQsBcvmVjH2nduQwuL498Ramx8G4KdHX5MmsmQ;1697408098;0;;0;0
/ip4/212.227.230.189/tcp/30304/p2p/16Uiu2HAmGWwppvdjxgJbHKh8wjgVhxUZeYPxoLkkDbWuSuRx4dPa;1697408098;0;;0;0
/dns4/waku.yomi.ninja/tcp/30304/p2p/16Uiu2HAm15wcw7EwxWu7xgEQKi3zam3ihBDDiNaAosPn9xAcSHEH;1697408098;0;;0;0
/ip4/88.198.49.106/tcp/60000/p2p/16Uiu2HAm7brscR6VnooBgdnjwv62BC2eneCAXFkeWWkXbDdyhDXu;1697408109;0;23;1;0
/ip4/46.101.121.76/tcp/30304/p2p/16Uiu2HAm15wcw7EwxWu7xgEQKi3zam3ihBDDiNaAosPn9xAcSHEH;1697408109;0;;0;0
/ip4/77.39.232.114/tcp/30304/p2p/16Uiu2HAmMySHs6jUx1NmFRxCv4oU2g9jfoVZm1ojYVtpWab4u6ii;1697408109;0;;0;0
/ip4/77.39.232.114/tcp/30304/p2p/16Uiu2HAmEtsfJfUQsBcvmVjH2nduQwuL498Ramx8G4KdHX5MmsmQ;1697408109;0;;0;0
/ip4/212.227.230.189/tcp/30304/p2p/16Uiu2HAmGWwppvdjxgJbHKh8wjgVhxUZeYPxoLkkDbWuSuRx4dPa;1697408109;0;;0;0
/dns4/waku.yomi.ninja/tcp/30304/p2p/16Uiu2HAm15wcw7EwxWu7xgEQKi3zam3ihBDDiNaAosPn9xAcSHEH;1697408109;0;;0;0
/ip4/88.198.49.106/tcp/60000/p2p/16Uiu2HAm7brscR6VnooBgdnjwv62BC2eneCAXFkeWWkXbDdyhDXu;1697408121;0;24;1;0
/ip4/46.101.121.76/tcp/30304/p2p/16Uiu2HAm15wcw7EwxWu7xgEQKi3zam3ihBDDiNaAosPn9xAcSHEH;1697408121;0;;0;0
/ip4/77.39.232.114/tcp/30304/p2p/16Uiu2HAmMySHs6jUx1NmFRxCv4oU2g9jfoVZm1ojYVtpWab4u6ii;1697408121;0;;0;0
/ip4/77.39.232.114/tcp/30304/p2p/16Uiu2HAmEtsfJfUQsBcvmVjH2nduQwuL498Ramx8G4KdHX5MmsmQ;1697408121;0;;0;0
/ip4/212.227.230.189/tcp/30304/p2p/16Uiu2HAmGWwppvdjxgJbHKh8wjgVhxUZeYPxoLkkDbWuSuRx4dPa;1697408121;0;;0;0
/dns4/waku.yomi.ninja/tcp/30304/p2p/16Uiu2HAm15wcw7EwxWu7xgEQKi3zam3ihBDDiNaAosPn9xAcSHEH;1697408121;0;;0;0
/ip4/88.198.49.106/tcp/60000/p2p/16Uiu2HAm7brscR6VnooBgdnjwv62BC2eneCAXFkeWWkXbDdyhDXu;1697408132;0;23;1;0
/ip4/46.101.121.76/tcp/30304/p2p/16Uiu2HAm15wcw7EwxWu7xgEQKi3zam3ihBDDiNaAosPn9xAcSHEH;1697408132;0;;0;0
/ip4/77.39.232.114/tcp/30304/p2p/16Uiu2HAmMySHs6jUx1NmFRxCv4oU2g9jfoVZm1ojYVtpWab4u6ii;1697408132;0;;0;0
/ip4/77.39.232.114/tcp/30304/p2p/16Uiu2HAmEtsfJfUQsBcvmVjH2nduQwuL498Ramx8G4KdHX5MmsmQ;1697408132;0;;0;0
/ip4/212.227.230.189/tcp/30304/p2p/16Uiu2HAmGWwppvdjxgJbHKh8wjgVhxUZeYPxoLkkDbWuSuRx4dPa;1697408132;0;;0;0
/dns4/waku.yomi.ninja/tcp/30304/p2p/16Uiu2HAm15wcw7EwxWu7xgEQKi3zam3ihBDDiNaAosPn9xAcSHEH;1697408132;0;;0;0
/ip4/88.198.49.106/tcp/60000/p2p/16Uiu2HAm7brscR6VnooBgdnjwv62BC2eneCAXFkeWWkXbDdyhDXu;1697408143;0;24;1;0
/ip4/46.101.121.76/tcp/30304/p2p/16Uiu2HAm15wcw7EwxWu7xgEQKi3zam3ihBDDiNaAosPn9xAcSHEH;1697408143;0;;0;0
/ip4/77.39.232.114/tcp/30304/p2p/16Uiu2HAmMySHs6jUx1NmFRxCv4oU2g9jfoVZm1ojYVtpWab4u6ii;1697408143;0;;0;0
/ip4/77.39.232.114/tcp/30304/p2p/16Uiu2HAmEtsfJfUQsBcvmVjH2nduQwuL498Ramx8G4KdHX5MmsmQ;1697408143;0;;0;0
/ip4/212.227.230.189/tcp/30304/p2p/16Uiu2HAmGWwppvdjxgJbHKh8wjgVhxUZeYPxoLkkDbWuSuRx4dPa;1697408143;0;;0;0
/dns4/waku.yomi.ninja/tcp/30304/p2p/16Uiu2HAm15wcw7EwxWu7xgEQKi3zam3ihBDDiNaAosPn9xAcSHEH;1697408143;0;;0;0
/ip4/46.101.121.76/tcp/30304/p2p/16Uiu2HAm15wcw7EwxWu7xgEQKi3zam3ihBDDiNaAosPn9xAcSHEH;1697408154;0;;0;0
/ip4/88.198.49.106/tcp/60000/p2p/16Uiu2HAm7brscR6VnooBgdnjwv62BC2eneCAXFkeWWkXbDdyhDXu;1697408154;0;23;1;0
/ip4/77.39.232.114/tcp/30304/p2p/16Uiu2HAmMySHs6jUx1NmFRxCv4oU2g9jfoVZm1ojYVtpWab4u6ii;1697408154;0;;0;0
/ip4/77.39.232.114/tcp/30304/p2p/16Uiu2HAmEtsfJfUQsBcvmVjH2nduQwuL498Ramx8G4KdHX5MmsmQ;1697408154;0;;0;0
/ip4/212.227.230.189/tcp/30304/p2p/16Uiu2HAmGWwppvdjxgJbHKh8wjgVhxUZeYPxoLkkDbWuSuRx4dPa;1697408154;0;;0;0
/dns4/waku.yomi.ninja/tcp/30304/p2p/16Uiu2HAm15wcw7EwxWu7xgEQKi3zam3ihBDDiNaAosPn9xAcSHEH;1697408154;0;;0;0
/ip4/88.198.49.106/tcp/60000/p2p/16Uiu2HAm7brscR6VnooBgdnjwv62BC2eneCAXFkeWWkXbDdyhDXu;1697408166;0;24;1;0
/ip4/46.101.121.76/tcp/30304/p2p/16Uiu2HAm15wcw7EwxWu7xgEQKi3zam3ihBDDiNaAosPn9xAcSHEH;1697408166;0;;0;0
/ip4/77.39.232.114/tcp/30304/p2p/16Uiu2HAmMySHs6jUx1NmFRxCv4oU2g9jfoVZm1ojYVtpWab4u6ii;1697408166;0;;0;0
/ip4/77.39.232.114/tcp/30304/p2p/16Uiu2HAmEtsfJfUQsBcvmVjH2nduQwuL498Ramx8G4KdHX5MmsmQ;1697408166;0;;0;0
/ip4/212.227.230.189/tcp/30304/p2p/16Uiu2HAmGWwppvdjxgJbHKh8wjgVhxUZeYPxoLkkDbWuSuRx4dPa;1697408166;0;;0;0
/dns4/waku.yomi.ninja/tcp/30304/p2p/16Uiu2HAm15wcw7EwxWu7xgEQKi3zam3ihBDDiNaAosPn9xAcSHEH;1697408166;0;;0;0
/ip4/88.198.49.106/tcp/60000/p2p/16Uiu2HAm7brscR6VnooBgdnjwv62BC2eneCAXFkeWWkXbDdyhDXu;1697408178;0;24;1;0
/ip4/46.101.121.76/tcp/30304/p2p/16Uiu2HAm15wcw7EwxWu7xgEQKi3zam3ihBDDiNaAosPn9xAcSHEH;1697408178;0;;0;0
/ip4/77.39.232.114/tcp/30304/p2p/16Uiu2HAmMySHs6jUx1NmFRxCv4oU2g9jfoVZm1ojYVtpWab4u6ii;1697408178;0;;0;0
/ip4/77.39.232.114/tcp/30304/p2p/16Uiu2HAmEtsfJfUQsBcvmVjH2nduQwuL498Ramx8G4KdHX5MmsmQ;1697408178;0;;0;0
/ip4/212.227.230.189/tcp/30304/p2p/16Uiu2HAmGWwppvdjxgJbHKh8wjgVhxUZeYPxoLkkDbWuSuRx4dPa;1697408178;0;;0;0
/dns4/waku.yomi.ninja/tcp/30304/p2p/16Uiu2HAm15wcw7EwxWu7xgEQKi3zam3ihBDDiNaAosPn9xAcSHEH;1697408178;0;;0;0
/ip4/88.198.49.106/tcp/60000/p2p/16Uiu2HAm7brscR6VnooBgdnjwv62BC2eneCAXFkeWWkXbDdyhDXu;1697408189;0;24;1;0
/ip4/46.101.121.76/tcp/30304/p2p/16Uiu2HAm15wcw7EwxWu7xgEQKi3zam3ihBDDiNaAosPn9xAcSHEH;1697408189;0;;0;0
/ip4/77.39.232.114/tcp/30304/p2p/16Uiu2HAmMySHs6jUx1NmFRxCv4oU2g9jfoVZm1ojYVtpWab4u6ii;1697408189;0;;0;0
/ip4/77.39.232.114/tcp/30304/p2p/16Uiu2HAmEtsfJfUQsBcvmVjH2nduQwuL498Ramx8G4KdHX5MmsmQ;1697408189;0;;0;0
/ip4/212.227.230.189/tcp/30304/p2p/16Uiu2HAmGWwppvdjxgJbHKh8wjgVhxUZeYPxoLkkDbWuSuRx4dPa;1697408189;0;;0;0
/dns4/waku.yomi.ninja/tcp/30304/p2p/16Uiu2HAm15wcw7EwxWu7xgEQKi3zam3ihBDDiNaAosPn9xAcSHEH;1697408189;0;;0;0
/ip4/88.198.49.106/tcp/60000/p2p/16Uiu2HAm7brscR6VnooBgdnjwv62BC2eneCAXFkeWWkXbDdyhDXu;1697408200;0;23;1;0
/ip4/46.101.121.76/tcp/30304/p2p/16Uiu2HAm15wcw7EwxWu7xgEQKi3zam3ihBDDiNaAosPn9xAcSHEH;1697408200;0;;0;0
/ip4/77.39.232.114/tcp/30304/p2p/16Uiu2HAmMySHs6jUx1NmFRxCv4oU2g9jfoVZm1ojYVtpWab4u6ii;1697408200;0;;0;0
/ip4/77.39.232.114/tcp/30304/p2p/16Uiu2HAmEtsfJfUQsBcvmVjH2nduQwuL498Ramx8G4KdHX5MmsmQ;1697408200;0;;0;0
/ip4/212.227.230.189/tcp/30304/p2p/16Uiu2HAmGWwppvdjxgJbHKh8wjgVhxUZeYPxoLkkDbWuSuRx4dPa;1697408200;0;;0;0
/dns4/waku.yomi.ninja/tcp/30304/p2p/16Uiu2HAm15wcw7EwxWu7xgEQKi3zam3ihBDDiNaAosPn9xAcSHEH;1697408200;0;;0;0
/ip4/88.198.49.106/tcp/60000/p2p/16Uiu2HAm7brscR6VnooBgdnjwv62BC2eneCAXFkeWWkXbDdyhDXu;1697408211;0;24;1;0
/ip4/46.101.121.76/tcp/30304/p2p/16Uiu2HAm15wcw7EwxWu7xgEQKi3zam3ihBDDiNaAosPn9xAcSHEH;1697408211;0;;0;0
/ip4/77.39.232.114/tcp/30304/p2p/16Uiu2HAmMySHs6jUx1NmFRxCv4oU2g9jfoVZm1ojYVtpWab4u6ii;1697408211;0;;0;0
/ip4/77.39.232.114/tcp/30304/p2p/16Uiu2HAmEtsfJfUQsBcvmVjH2nduQwuL498Ramx8G4KdHX5MmsmQ;1697408211;0;;0;0
/ip4/212.227.230.189/tcp/30304/p2p/16Uiu2HAmGWwppvdjxgJbHKh8wjgVhxUZeYPxoLkkDbWuSuRx4dPa;1697408211;0;;0;0
/dns4/waku.yomi.ninja/tcp/30304/p2p/16Uiu2HAm15wcw7EwxWu7xgEQKi3zam3ihBDDiNaAosPn9xAcSHEH;1697408211;0;;0;0
/ip4/88.198.49.106/tcp/60000/p2p/16Uiu2HAm7brscR6VnooBgdnjwv62BC2eneCAXFkeWWkXbDdyhDXu;1697408223;0;23;1;0
/ip4/46.101.121.76/tcp/30304/p2p/16Uiu2HAm15wcw7EwxWu7xgEQKi3zam3ihBDDiNaAosPn9xAcSHEH;1697408223;0;;0;0
/ip4/77.39.232.114/tcp/30304/p2p/16Uiu2HAmMySHs6jUx1NmFRxCv4oU2g9jfoVZm1ojYVtpWab4u6ii;1697408223;0;;0;0
/ip4/77.39.232.114/tcp/30304/p2p/16Uiu2HAmEtsfJfUQsBcvmVjH2nduQwuL498Ramx8G4KdHX5MmsmQ;1697408223;0;;0;0
/ip4/212.227.230.189/tcp/30304/p2p/16Uiu2HAmGWwppvdjxgJbHKh8wjgVhxUZeYPxoLkkDbWuSuRx4dPa;1697408223;0;;0;0
/dns4/waku.yomi.ninja/tcp/30304/p2p/16Uiu2HAm15wcw7EwxWu7xgEQKi3zam3ihBDDiNaAosPn9xAcSHEH;1697408223;0;;0;0
/ip4/88.198.49.106/tcp/60000/p2p/16Uiu2HAm7brscR6VnooBgdnjwv62BC2eneCAXFkeWWkXbDdyhDXu;1697408235;0;24;1;0
/ip4/46.101.121.76/tcp/30304/p2p/16Uiu2HAm15wcw7EwxWu7xgEQKi3zam3ihBDDiNaAosPn9xAcSHEH;1697408235;0;;0;0
/ip4/77.39.232.114/tcp/30304/p2p/16Uiu2HAmMySHs6jUx1NmFRxCv4oU2g9jfoVZm1ojYVtpWab4u6ii;1697408235;0;;0;0
/ip4/77.39.232.114/tcp/30304/p2p/16Uiu2HAmEtsfJfUQsBcvmVjH2nduQwuL498Ramx8G4KdHX5MmsmQ;1697408235;0;;0;0
/ip4/212.227.230.189/tcp/30304/p2p/16Uiu2HAmGWwppvdjxgJbHKh8wjgVhxUZeYPxoLkkDbWuSuRx4dPa;1697408235;0;;0;0
/dns4/waku.yomi.ninja/tcp/30304/p2p/16Uiu2HAm15wcw7EwxWu7xgEQKi3zam3ihBDDiNaAosPn9xAcSHEH;1697408235;0;;0;0
/ip4/88.198.49.106/tcp/60000/p2p/16Uiu2HAm7brscR6VnooBgdnjwv62BC2eneCAXFkeWWkXbDdyhDXu;1697408246;0;25;1;0
/ip4/46.101.121.76/tcp/30304/p2p/16Uiu2HAm15wcw7EwxWu7xgEQKi3zam3ihBDDiNaAosPn9xAcSHEH;1697408246;0;;0;0
/ip4/77.39.232.114/tcp/30304/p2p/16Uiu2HAmMySHs6jUx1NmFRxCv4oU2g9jfoVZm1ojYVtpWab4u6ii;1697408246;0;;0;0
/ip4/77.39.232.114/tcp/30304/p2p/16Uiu2HAmEtsfJfUQsBcvmVjH2nduQwuL498Ramx8G4KdHX5MmsmQ;1697408246;0;;0;0
/ip4/212.227.230.189/tcp/30304/p2p/16Uiu2HAmGWwppvdjxgJbHKh8wjgVhxUZeYPxoLkkDbWuSuRx4dPa;1697408246;0;;0;0
/dns4/waku.yomi.ninja/tcp/30304/p2p/16Uiu2HAm15wcw7EwxWu7xgEQKi3zam3ihBDDiNaAosPn9xAcSHEH;1697408246;0;;0;0
/ip4/88.198.49.106/tcp/60000/p2p/16Uiu2HAm7brscR6VnooBgdnjwv62BC2eneCAXFkeWWkXbDdyhDXu;1697408257;0;24;1;0
/ip4/46.101.121.76/tcp/30304/p2p/16Uiu2HAm15wcw7EwxWu7xgEQKi3zam3ihBDDiNaAosPn9xAcSHEH;1697408257;0;;0;0
/ip4/77.39.232.114/tcp/30304/p2p/16Uiu2HAmMySHs6jUx1NmFRxCv4oU2g9jfoVZm1ojYVtpWab4u6ii;1697408257;0;;0;0
/ip4/77.39.232.114/tcp/30304/p2p/16Uiu2HAmEtsfJfUQsBcvmVjH2nduQwuL498Ramx8G4KdHX5MmsmQ;1697408257;0;;0;0
/ip4/212.227.230.189/tcp/30304/p2p/16Uiu2HAmGWwppvdjxgJbHKh8wjgVhxUZeYPxoLkkDbWuSuRx4dPa;1697408257;0;;0;0
/dns4/waku.yomi.ninja/tcp/30304/p2p/16Uiu2HAm15wcw7EwxWu7xgEQKi3zam3ihBDDiNaAosPn9xAcSHEH;1697408257;0;;0;0
/ip4/88.198.49.106/tcp/60000/p2p/16Uiu2HAm7brscR6VnooBgdnjwv62BC2eneCAXFkeWWkXbDdyhDXu;1697408268;0;24;1;0
/ip4/46.101.121.76/tcp/30304/p2p/16Uiu2HAm15wcw7EwxWu7xgEQKi3zam3ihBDDiNaAosPn9xAcSHEH;1697408268;0;;0;0
/ip4/77.39.232.114/tcp/30304/p2p/16Uiu2HAmMySHs6jUx1NmFRxCv4oU2g9jfoVZm1ojYVtpWab4u6ii;1697408268;0;;0;0
/ip4/77.39.232.114/tcp/30304/p2p/16Uiu2HAmEtsfJfUQsBcvmVjH2nduQwuL498Ramx8G4KdHX5MmsmQ;1697408268;0;;0;0
/ip4/212.227.230.189/tcp/30304/p2p/16Uiu2HAmGWwppvdjxgJbHKh8wjgVhxUZeYPxoLkkDbWuSuRx4dPa;1697408268;0;;0;0
/dns4/waku.yomi.ninja/tcp/30304/p2p/16Uiu2HAm15wcw7EwxWu7xgEQKi3zam3ihBDDiNaAosPn9xAcSHEH;1697408268;0;;0;0
/ip4/88.198.49.106/tcp/60000/p2p/16Uiu2HAm7brscR6VnooBgdnjwv62BC2eneCAXFkeWWkXbDdyhDXu;1697408279;0;23;1;0
/ip4/46.101.121.76/tcp/30304/p2p/16Uiu2HAm15wcw7EwxWu7xgEQKi3zam3ihBDDiNaAosPn9xAcSHEH;1697408279;0;;0;0
/ip4/77.39.232.114/tcp/30304/p2p/16Uiu2HAmMySHs6jUx1NmFRxCv4oU2g9jfoVZm1ojYVtpWab4u6ii;1697408279;0;;0;0
/ip4/77.39.232.114/tcp/30304/p2p/16Uiu2HAmEtsfJfUQsBcvmVjH2nduQwuL498Ramx8G4KdHX5MmsmQ;1697408279;0;;0;0
/ip4/212.227.230.189/tcp/30304/p2p/16Uiu2HAmGWwppvdjxgJbHKh8wjgVhxUZeYPxoLkkDbWuSuRx4dPa;1697408279;0;;0;0
/dns4/waku.yomi.ninja/tcp/30304/p2p/16Uiu2HAm15wcw7EwxWu7xgEQKi3zam3ihBDDiNaAosPn9xAcSHEH;1697408279;0;;0;0
