node;timestamp;available;ping;relay;
/dns4/node-01.do-ams3.wakuv2.test.statusim.net/tcp/30303/p2p/16Uiu2HAmPLe7Mzm8TsYUubgCAW1aJoeFScxrLj8ppHFivPo97bUZ;1696187882;1;54;1;1
/ip4/127.0.0.1/tcp/30304/p2p/16Uiu2HAm7Mw97BA7pzxmUxGUdqT24tE5uGg2SHGk6VWfYpfP4LZK;1696187882;0;;0;0
/dns4/node-01.ac-cn-hongkong-c.wakuv2.prod.statusim.net/tcp/30303/p2p/16Uiu2HAm4v86W3bmT1BiH6oSPzcsSr24iDQpSN5Qa992BCjjwgrD;1696187882;1;304;1;1
/dns4/node-01.do-ams3.wakuv2.test.statusim.net/tcp/30303/p2p/16Uiu2HAmPLe7Mzm8TsYUubgCAW1aJoeFScxrLj8ppHFivPo97bUZ;1696187886;1;42;1;1
/ip4/127.0.0.1/tcp/30304/p2p/16Uiu2HAm7Mw97BA7pzxmUxGUdqT24tE5uGg2SHGk6VWfYpfP4LZK;1696187886;0;;0;0
/dns4/node-01.ac-cn-hongkong-c.wakuv2.prod.statusim.net/tcp/30303/p2p/16Uiu2HAm4v86W3bmT1BiH6oSPzcsSr24iDQpSN5Qa992BCjjwgrD;1696187886;1;329;1;1
/dns4/node-01.do-ams3.wakuv2.test.statusim.net/tcp/30303/p2p/16Uiu2HAmPLe7Mzm8TsYUubgCAW1aJoeFScxrLj8ppHFivPo97bUZ;1696187890;1;71;1;1
/ip4/127.0.0.1/tcp/30304/p2p/16Uiu2HAm7Mw97BA7pzxmUxGUdqT24tE5uGg2SHGk6VWfYpfP4LZK;1696187890;0;;0;0
/dns4/node-01.ac-cn-hongkong-c.wakuv2.prod.statusim.net/tcp/30303/p2p/16Uiu2HAm4v86W3bmT1BiH6oSPzcsSr24iDQpSN5Qa992BCjjwgrD;1696187890;1;514;1;1
/dns4/node-01.do-ams3.wakuv2.test.statusim.net/tcp/30303/p2p/16Uiu2HAmPLe7Mzm8TsYUubgCAW1aJoeFScxrLj8ppHFivPo97bUZ;1696187894;1;34;1;1
/ip4/127.0.0.1/tcp/30304/p2p/16Uiu2HAm7Mw97BA7pzxmUxGUdqT24tE5uGg2SHGk6VWfYpfP4LZK;1696187894;0;;0;0
/dns4/node-01.ac-cn-hongkong-c.wakuv2.prod.statusim.net/tcp/30303/p2p/16Uiu2HAm4v86W3bmT1BiH6oSPzcsSr24iDQpSN5Qa992BCjjwgrD;1696187894;1;330;1;1
/dns4/node-01.do-ams3.wakuv2.test.statusim.net/tcp/30303/p2p/16Uiu2HAmPLe7Mzm8TsYUubgCAW1aJoeFScxrLj8ppHFivPo97bUZ;1696187898;1;333;1;1
/ip4/127.0.0.1/tcp/30304/p2p/16Uiu2HAm7Mw97BA7pzxmUxGUdqT24tE5uGg2SHGk6VWfYpfP4LZK;1696187898;0;;0;0
/dns4/node-01.ac-cn-hongkong-c.wakuv2.prod.statusim.net/tcp/30303/p2p/16Uiu2HAm4v86W3bmT1BiH6oSPzcsSr24iDQpSN5Qa992BCjjwgrD;1696187898;1;301;1;1
/dns4/node-01.do-ams3.wakuv2.test.statusim.net/tcp/30303/p2p/16Uiu2HAmPLe7Mzm8TsYUubgCAW1aJoeFScxrLj8ppHFivPo97bUZ;1696187908;1;90;1;1
/ip4/127.0.0.1/tcp/30304/p2p/16Uiu2HAm7Mw97BA7pzxmUxGUdqT24tE5uGg2SHGk6VWfYpfP4LZK;1696187908;0;;0;0
/dns4/node-01.ac-cn-hongkong-c.wakuv2.prod.statusim.net/tcp/30303/p2p/16Uiu2HAm4v86W3bmT1BiH6oSPzcsSr24iDQpSN5Qa992BCjjwgrD;1696187908;1;408;1;1
/dns4/node-01.do-ams3.wakuv2.test.statusim.net/tcp/30303/p2p/16Uiu2HAmPLe7Mzm8TsYUubgCAW1aJoeFScxrLj8ppHFivPo97bUZ;1696187912;1;53;1;1
/ip4/127.0.0.1/tcp/30304/p2p/16Uiu2HAm7Mw97BA7pzxmUxGUdqT24tE5uGg2SHGk6VWfYpfP4LZK;1696187912;0;;0;0
/dns4/node-01.ac-cn-hongkong-c.wakuv2.prod.statusim.net/tcp/30303/p2p/16Uiu2HAm4v86W3bmT1BiH6oSPzcsSr24iDQpSN5Qa992BCjjwgrD;1696187912;1;342;1;1
/dns4/node-01.do-ams3.wakuv2.test.statusim.net/tcp/30303/p2p/16Uiu2HAmPLe7Mzm8TsYUubgCAW1aJoeFScxrLj8ppHFivPo97bUZ;1696187916;1;81;1;1
/ip4/127.0.0.1/tcp/30304/p2p/16Uiu2HAm7Mw97BA7pzxmUxGUdqT24tE5uGg2SHGk6VWfYpfP4LZK;1696187916;0;;0;0
/dns4/node-01.ac-cn-hongkong-c.wakuv2.prod.statusim.net/tcp/30303/p2p/16Uiu2HAm4v86W3bmT1BiH6oSPzcsSr24iDQpSN5Qa992BCjjwgrD;1696187916;1;321;1;1
/dns4/node-01.do-ams3.wakuv2.test.statusim.net/tcp/30303/p2p/16Uiu2HAmPLe7Mzm8TsYUubgCAW1aJoeFScxrLj8ppHFivPo97bUZ;1696187920;1;39;1;1
/ip4/127.0.0.1/tcp/30304/p2p/16Uiu2HAm7Mw97BA7pzxmUxGUdqT24tE5uGg2SHGk6VWfYpfP4LZK;1696187920;0;;0;0
/dns4/node-01.ac-cn-hongkong-c.wakuv2.prod.statusim.net/tcp/30303/p2p/16Uiu2HAm4v86W3bmT1BiH6oSPzcsSr24iDQpSN5Qa992BCjjwgrD;1696187920;1;353;1;1
/dns4/node-01.do-ams3.wakuv2.test.statusim.net/tcp/30303/p2p/16Uiu2HAmPLe7Mzm8TsYUubgCAW1aJoeFScxrLj8ppHFivPo97bUZ;1696187924;1;80;1;1
/ip4/127.0.0.1/tcp/30304/p2p/16Uiu2HAm7Mw97BA7pzxmUxGUdqT24tE5uGg2SHGk6VWfYpfP4LZK;1696187924;0;;0;0
/dns4/node-01.ac-cn-hongkong-c.wakuv2.prod.statusim.net/tcp/30303/p2p/16Uiu2HAm4v86W3bmT1BiH6oSPzcsSr24iDQpSN5Qa992BCjjwgrD;1696187924;1;337;1;1
/dns4/node-01.do-ams3.wakuv2.test.statusim.net/tcp/30303/p2p/16Uiu2HAmPLe7Mzm8TsYUubgCAW1aJoeFScxrLj8ppHFivPo97bUZ;1696187935;1;60;1;1
/ip4/127.0.0.1/tcp/30304/p2p/16Uiu2HAm7Mw97BA7pzxmUxGUdqT24tE5uGg2SHGk6VWfYpfP4LZK;1696187935;0;;0;0
/dns4/node-01.ac-cn-hongkong-c.wakuv2.prod.statusim.net/tcp/30303/p2p/16Uiu2HAm4v86W3bmT1BiH6oSPzcsSr24iDQpSN5Qa992BCjjwgrD;1696187935;1;456;1;1
/dns4/node-01.do-ams3.wakuv2.test.statusim.net/tcp/30303/p2p/16Uiu2HAmPLe7Mzm8TsYUubgCAW1aJoeFScxrLj8ppHFivPo97bUZ;1696187939;1;43;1;1
/ip4/127.0.0.1/tcp/30304/p2p/16Uiu2HAm7Mw97BA7pzxmUxGUdqT24tE5uGg2SHGk6VWfYpfP4LZK;1696187939;0;;0;0
/dns4/node-01.ac-cn-hongkong-c.wakuv2.prod.statusim.net/tcp/30303/p2p/16Uiu2HAm4v86W3bmT1BiH6oSPzcsSr24iDQpSN5Qa992BCjjwgrD;1696187939;1;312;1;1
/dns4/node-01.do-ams3.wakuv2.test.statusim.net/tcp/30303/p2p/16Uiu2HAmPLe7Mzm8TsYUubgCAW1aJoeFScxrLj8ppHFivPo97bUZ;1696187943;1;128;1;1
/ip4/127.0.0.1/tcp/30304/p2p/16Uiu2HAm7Mw97BA7pzxmUxGUdqT24tE5uGg2SHGk6VWfYpfP4LZK;1696187943;0;;0;0
/dns4/node-01.ac-cn-hongkong-c.wakuv2.prod.statusim.net/tcp/30303/p2p/16Uiu2HAm4v86W3bmT1BiH6oSPzcsSr24iDQpSN5Qa992BCjjwgrD;1696187943;1;354;1;1
/dns4/node-01.do-ams3.wakuv2.test.statusim.net/tcp/30303/p2p/16Uiu2HAmPLe7Mzm8TsYUubgCAW1aJoeFScxrLj8ppHFivPo97bUZ;1696187947;1;41;1;1
/ip4/127.0.0.1/tcp/30304/p2p/16Uiu2HAm7Mw97BA7pzxmUxGUdqT24tE5uGg2SHGk6VWfYpfP4LZK;1696187947;0;;0;0
/dns4/node-01.ac-cn-hongkong-c.wakuv2.prod.statusim.net/tcp/30303/p2p/16Uiu2HAm4v86W3bmT1BiH6oSPzcsSr24iDQpSN5Qa992BCjjwgrD;1696187947;1;510;1;1
/dns4/node-01.do-ams3.wakuv2.test.statusim.net/tcp/30303/p2p/16Uiu2HAmPLe7Mzm8TsYUubgCAW1aJoeFScxrLj8ppHFivPo97bUZ;1696187951;1;46;1;1
/ip4/127.0.0.1/tcp/30304/p2p/16Uiu2HAm7Mw97BA7pzxmUxGUdqT24tE5uGg2SHGk6VWfYpfP4LZK;1696187951;0;;0;0
/dns4/node-01.ac-cn-hongkong-c.wakuv2.prod.statusim.net/tcp/30303/p2p/16Uiu2HAm4v86W3bmT1BiH6oSPzcsSr24iDQpSN5Qa992BCjjwgrD;1696187951;1;332;1;1
/dns4/node-01.do-ams3.wakuv2.test.statusim.net/tcp/30303/p2p/16Uiu2HAmPLe7Mzm8TsYUubgCAW1aJoeFScxrLj8ppHFivPo97bUZ;1696187966;1;59;1;1
/ip4/127.0.0.1/tcp/30304/p2p/16Uiu2HAm7Mw97BA7pzxmUxGUdqT24tE5uGg2SHGk6VWfYpfP4LZK;1696187966;0;;0;0
/dns4/node-01.ac-cn-hongkong-c.wakuv2.prod.statusim.net/tcp/30303/p2p/16Uiu2HAm4v86W3bmT1BiH6oSPzcsSr24iDQpSN5Qa992BCjjwgrD;1696187966;1;363;1;1
/dns4/node-01.do-ams3.wakuv2.test.statusim.net/tcp/30303/p2p/16Uiu2HAmPLe7Mzm8TsYUubgCAW1aJoeFScxrLj8ppHFivPo97bUZ;1696187970;1;84;1;1
/ip4/127.0.0.1/tcp/30304/p2p/16Uiu2HAm7Mw97BA7pzxmUxGUdqT24tE5uGg2SHGk6VWfYpfP4LZK;1696187970;0;;0;0
/dns4/node-01.ac-cn-hongkong-c.wakuv2.prod.statusim.net/tcp/30303/p2p/16Uiu2HAm4v86W3bmT1BiH6oSPzcsSr24iDQpSN5Qa992BCjjwgrD;1696187970;1;299;1;1
/dns4/node-01.do-ams3.wakuv2.test.statusim.net/tcp/30303/p2p/16Uiu2HAmPLe7Mzm8TsYUubgCAW1aJoeFScxrLj8ppHFivPo97bUZ;1696187974;1;93;1;1
/ip4/127.0.0.1/tcp/30304/p2p/16Uiu2HAm7Mw97BA7pzxmUxGUdqT24tE5uGg2SHGk6VWfYpfP4LZK;1696187974;0;;0;0
/dns4/node-01.ac-cn-hongkong-c.wakuv2.prod.statusim.net/tcp/30303/p2p/16Uiu2HAm4v86W3bmT1BiH6oSPzcsSr24iDQpSN5Qa992BCjjwgrD;1696187974;1;298;1;1
/dns4/node-01.do-ams3.wakuv2.test.statusim.net/tcp/30303/p2p/16Uiu2HAmPLe7Mzm8TsYUubgCAW1aJoeFScxrLj8ppHFivPo97bUZ;1696187978;1;49;1;1
/ip4/127.0.0.1/tcp/30304/p2p/16Uiu2HAm7Mw97BA7pzxmUxGUdqT24tE5uGg2SHGk6VWfYpfP4LZK;1696187978;0;;0;0
/dns4/node-01.ac-cn-hongkong-c.wakuv2.prod.statusim.net/tcp/30303/p2p/16Uiu2HAm4v86W3bmT1BiH6oSPzcsSr24iDQpSN5Qa992BCjjwgrD;1696187978;1;410;1;1
/dns4/node-01.do-ams3.wakuv2.test.statusim.net/tcp/30303/p2p/16Uiu2HAmPLe7Mzm8TsYUubgCAW1aJoeFScxrLj8ppHFivPo97bUZ;1696187982;1;145;1;1
/ip4/127.0.0.1/tcp/30304/p2p/16Uiu2HAm7Mw97BA7pzxmUxGUdqT24tE5uGg2SHGk6VWfYpfP4LZK;1696187982;0;;0;0
/dns4/node-01.ac-cn-hongkong-c.wakuv2.prod.statusim.net/tcp/30303/p2p/16Uiu2HAm4v86W3bmT1BiH6oSPzcsSr24iDQpSN5Qa992BCjjwgrD;1696187982;1;333;1;1
/ip4/127.0.0.1/tcp/30304/p2p/16Uiu2HAm7Mw97BA7pzxmUxGUdqT24tE5uGg2SHGk6VWfYpfP4LZK;1696187993;0;;0;0
/dns4/node-01.do-ams3.wakuv2.test.statusim.net/tcp/30303/p2p/16Uiu2HAmPLe7Mzm8TsYUubgCAW1aJoeFScxrLj8ppHFivPo97bUZ;1696187993;1;330;1;1
/dns4/node-01.ac-cn-hongkong-c.wakuv2.prod.statusim.net/tcp/30303/p2p/16Uiu2HAm4v86W3bmT1BiH6oSPzcsSr24iDQpSN5Qa992BCjjwgrD;1696187993;1;575;1;1
/dns4/node-01.do-ams3.wakuv2.test.statusim.net/tcp/30303/p2p/16Uiu2HAmPLe7Mzm8TsYUubgCAW1aJoeFScxrLj8ppHFivPo97bUZ;1696187997;1;346;1;1
/ip4/127.0.0.1/tcp/30304/p2p/16Uiu2HAm7Mw97BA7pzxmUxGUdqT24tE5uGg2SHGk6VWfYpfP4LZK;1696187997;0;;0;0
/dns4/node-01.ac-cn-hongkong-c.wakuv2.prod.statusim.net/tcp/30303/p2p/16Uiu2HAm4v86W3bmT1BiH6oSPzcsSr24iDQpSN5Qa992BCjjwgrD;1696187997;1;429;1;1
/dns4/node-01.do-ams3.wakuv2.test.statusim.net/tcp/30303/p2p/16Uiu2HAmPLe7Mzm8TsYUubgCAW1aJoeFScxrLj8ppHFivPo97bUZ;1696188001;1;75;1;1
/ip4/127.0.0.1/tcp/30304/p2p/16Uiu2HAm7Mw97BA7pzxmUxGUdqT24tE5uGg2SHGk6VWfYpfP4LZK;1696188001;0;;0;0
/dns4/node-01.ac-cn-hongkong-c.wakuv2.prod.statusim.net/tcp/30303/p2p/16Uiu2HAm4v86W3bmT1BiH6oSPzcsSr24iDQpSN5Qa992BCjjwgrD;1696188001;1;320;1;1
/dns4/node-01.do-ams3.wakuv2.test.statusim.net/tcp/30303/p2p/16Uiu2HAmPLe7Mzm8TsYUubgCAW1aJoeFScxrLj8ppHFivPo97bUZ;1696188005;1;92;1;1
/ip4/127.0.0.1/tcp/30304/p2p/16Uiu2HAm7Mw97BA7pzxmUxGUdqT24tE5uGg2SHGk6VWfYpfP4LZK;1696188005;0;;0;0
/dns4/node-01.ac-cn-hongkong-c.wakuv2.prod.statusim.net/tcp/30303/p2p/16Uiu2HAm4v86W3bmT1BiH6oSPzcsSr24iDQpSN5Qa992BCjjwgrD;1696188005;1;405;1;1
/dns4/node-01.do-ams3.wakuv2.test.statusim.net/tcp/30303/p2p/16Uiu2HAmPLe7Mzm8TsYUubgCAW1aJoeFScxrLj8ppHFivPo97bUZ;1696188009;1;156;1;1
/ip4/127.0.0.1/tcp/30304/p2p/16Uiu2HAm7Mw97BA7pzxmUxGUdqT24tE5uGg2SHGk6VWfYpfP4LZK;1696188009;0;;0;0
/dns4/node-01.ac-cn-hongkong-c.wakuv2.prod.statusim.net/tcp/30303/p2p/16Uiu2HAm4v86W3bmT1BiH6oSPzcsSr24iDQpSN5Qa992BCjjwgrD;1696188009;1;337;1;1
/dns4/node-01.do-ams3.wakuv2.test.statusim.net/tcp/30303/p2p/16Uiu2HAmPLe7Mzm8TsYUubgCAW1aJoeFScxrLj8ppHFivPo97bUZ;1696234408;1;28;1;1
/ip4/127.0.0.1/tcp/30304/p2p/16Uiu2HAm7Mw97BA7pzxmUxGUdqT24tE5uGg2SHGk6VWfYpfP4LZK;1696234408;0;;0;0
/dns4/node-01.ac-cn-hongkong-c.wakuv2.prod.statusim.net/tcp/30303/p2p/16Uiu2HAm4v86W3bmT1BiH6oSPzcsSr24iDQpSN5Qa992BCjjwgrD;1696234408;1;280;1;1
/dns4/node-01.do-ams3.wakuv2.test.statusim.net/tcp/30303/p2p/16Uiu2HAmPLe7Mzm8TsYUubgCAW1aJoeFScxrLj8ppHFivPo97bUZ;1696234412;1;33;1;1
/ip4/127.0.0.1/tcp/30304/p2p/16Uiu2HAm7Mw97BA7pzxmUxGUdqT24tE5uGg2SHGk6VWfYpfP4LZK;1696234412;0;;0;0
/dns4/node-01.ac-cn-hongkong-c.wakuv2.prod.statusim.net/tcp/30303/p2p/16Uiu2HAm4v86W3bmT1BiH6oSPzcsSr24iDQpSN5Qa992BCjjwgrD;1696234412;1;321;1;1
/dns4/node-01.do-ams3.wakuv2.test.statusim.net/tcp/30303/p2p/16Uiu2HAmPLe7Mzm8TsYUubgCAW1aJoeFScxrLj8ppHFivPo97bUZ;1696234416;1;85;1;1
/ip4/127.0.0.1/tcp/30304/p2p/16Uiu2HAm7Mw97BA7pzxmUxGUdqT24tE5uGg2SHGk6VWfYpfP4LZK;1696234416;0;;0;0
/dns4/node-01.ac-cn-hongkong-c.wakuv2.prod.statusim.net/tcp/30303/p2p/16Uiu2HAm4v86W3bmT1BiH6oSPzcsSr24iDQpSN5Qa992BCjjwgrD;1696234416;1;608;1;1
/dns4/node-01.do-ams3.wakuv2.test.statusim.net/tcp/30303/p2p/16Uiu2HAmPLe7Mzm8TsYUubgCAW1aJoeFScxrLj8ppHFivPo97bUZ;1696234420;1;62;1;1
/ip4/127.0.0.1/tcp/30304/p2p/16Uiu2HAm7Mw97BA7pzxmUxGUdqT24tE5uGg2SHGk6VWfYpfP4LZK;1696234420;0;;0;0
/dns4/node-01.ac-cn-hongkong-c.wakuv2.prod.statusim.net/tcp/30303/p2p/16Uiu2HAm4v86W3bmT1BiH6oSPzcsSr24iDQpSN5Qa992BCjjwgrD;1696234420;1;343;1;1
/dns4/node-01.do-ams3.wakuv2.test.statusim.net/tcp/30303/p2p/16Uiu2HAmPLe7Mzm8TsYUubgCAW1aJoeFScxrLj8ppHFivPo97bUZ;1696234424;1;33;1;1
/ip4/127.0.0.1/tcp/30304/p2p/16Uiu2HAm7Mw97BA7pzxmUxGUdqT24tE5uGg2SHGk6VWfYpfP4LZK;1696234424;0;;0;0
/dns4/node-01.ac-cn-hongkong-c.wakuv2.prod.statusim.net/tcp/30303/p2p/16Uiu2HAm4v86W3bmT1BiH6oSPzcsSr24iDQpSN5Qa992BCjjwgrD;1696234424;1;385;1;1
/dns4/node-01.do-ams3.wakuv2.test.statusim.net/tcp/30303/p2p/16Uiu2HAmPLe7Mzm8TsYUubgCAW1aJoeFScxrLj8ppHFivPo97bUZ;1696234435;1;34;1;1
/ip4/127.0.0.1/tcp/30304/p2p/16Uiu2HAm7Mw97BA7pzxmUxGUdqT24tE5uGg2SHGk6VWfYpfP4LZK;1696234435;0;;0;0
/dns4/node-01.ac-cn-hongkong-c.wakuv2.prod.statusim.net/tcp/30303/p2p/16Uiu2HAm4v86W3bmT1BiH6oSPzcsSr24iDQpSN5Qa992BCjjwgrD;1696234435;1;372;1;1
/dns4/node-01.do-ams3.wakuv2.test.statusim.net/tcp/30303/p2p/16Uiu2HAmPLe7Mzm8TsYUubgCAW1aJoeFScxrLj8ppHFivPo97bUZ;1696234439;1;25;1;1
/ip4/127.0.0.1/tcp/30304/p2p/16Uiu2HAm7Mw97BA7pzxmUxGUdqT24tE5uGg2SHGk6VWfYpfP4LZK;1696234439;0;;0;0
/dns4/node-01.ac-cn-hongkong-c.wakuv2.prod.statusim.net/tcp/30303/p2p/16Uiu2HAm4v86W3bmT1BiH6oSPzcsSr24iDQpSN5Qa992BCjjwgrD;1696234439;1;285;1;1
/dns4/node-01.do-ams3.wakuv2.test.statusim.net/tcp/30303/p2p/16Uiu2HAmPLe7Mzm8TsYUubgCAW1aJoeFScxrLj8ppHFivPo97bUZ;1696234444;1;26;1;1
/ip4/127.0.0.1/tcp/30304/p2p/16Uiu2HAm7Mw97BA7pzxmUxGUdqT24tE5uGg2SHGk6VWfYpfP4LZK;1696234444;0;;0;0
/dns4/node-01.ac-cn-hongkong-c.wakuv2.prod.statusim.net/tcp/30303/p2p/16Uiu2HAm4v86W3bmT1BiH6oSPzcsSr24iDQpSN5Qa992BCjjwgrD;1696234444;1;287;1;1
/dns4/node-01.do-ams3.wakuv2.test.statusim.net/tcp/30303/p2p/16Uiu2HAmPLe7Mzm8TsYUubgCAW1aJoeFScxrLj8ppHFivPo97bUZ;1696234448;1;35;1;1
/ip4/127.0.0.1/tcp/30304/p2p/16Uiu2HAm7Mw97BA7pzxmUxGUdqT24tE5uGg2SHGk6VWfYpfP4LZK;1696234448;0;;0;0
/dns4/node-01.ac-cn-hongkong-c.wakuv2.prod.statusim.net/tcp/30303/p2p/16Uiu2HAm4v86W3bmT1BiH6oSPzcsSr24iDQpSN5Qa992BCjjwgrD;1696234448;1;329;1;1
/dns4/node-01.do-ams3.wakuv2.test.statusim.net/tcp/30303/p2p/16Uiu2HAmPLe7Mzm8TsYUubgCAW1aJoeFScxrLj8ppHFivPo97bUZ;1696234452;1;50;1;1
/ip4/127.0.0.1/tcp/30304/p2p/16Uiu2HAm7Mw97BA7pzxmUxGUdqT24tE5uGg2SHGk6VWfYpfP4LZK;1696234452;0;;0;0
/dns4/node-01.ac-cn-hongkong-c.wakuv2.prod.statusim.net/tcp/30303/p2p/16Uiu2HAm4v86W3bmT1BiH6oSPzcsSr24iDQpSN5Qa992BCjjwgrD;1696234452;1;409;1;1
/dns4/node-01.do-ams3.wakuv2.test.statusim.net/tcp/30303/p2p/16Uiu2HAmPLe7Mzm8TsYUubgCAW1aJoeFScxrLj8ppHFivPo97bUZ;1696234463;1;53;1;1
/ip4/127.0.0.1/tcp/30304/p2p/16Uiu2HAm7Mw97BA7pzxmUxGUdqT24tE5uGg2SHGk6VWfYpfP4LZK;1696234463;0;;0;0
/dns4/node-01.ac-cn-hongkong-c.wakuv2.prod.statusim.net/tcp/30303/p2p/16Uiu2HAm4v86W3bmT1BiH6oSPzcsSr24iDQpSN5Qa992BCjjwgrD;1696234463;1;403;1;1
/dns4/node-01.do-ams3.wakuv2.test.statusim.net/tcp/30303/p2p/16Uiu2HAmPLe7Mzm8TsYUubgCAW1aJoeFScxrLj8ppHFivPo97bUZ;1696234467;1;38;1;1
/ip4/127.0.0.1/tcp/30304/p2p/16Uiu2HAm7Mw97BA7pzxmUxGUdqT24tE5uGg2SHGk6VWfYpfP4LZK;1696234467;0;;0;0
/dns4/node-01.ac-cn-hongkong-c.wakuv2.prod.statusim.net/tcp/30303/p2p/16Uiu2HAm4v86W3bmT1BiH6oSPzcsSr24iDQpSN5Qa992BCjjwgrD;1696234467;1;344;1;1
/dns4/node-01.do-ams3.wakuv2.test.statusim.net/tcp/30303/p2p/16Uiu2HAmPLe7Mzm8TsYUubgCAW1aJoeFScxrLj8ppHFivPo97bUZ;1696234471;1;35;1;1
/ip4/127.0.0.1/tcp/30304/p2p/16Uiu2HAm7Mw97BA7pzxmUxGUdqT24tE5uGg2SHGk6VWfYpfP4LZK;1696234471;0;;0;0
/dns4/node-01.ac-cn-hongkong-c.wakuv2.prod.statusim.net/tcp/30303/p2p/16Uiu2HAm4v86W3bmT1BiH6oSPzcsSr24iDQpSN5Qa992BCjjwgrD;1696234471;1;360;1;1
/dns4/node-01.do-ams3.wakuv2.test.statusim.net/tcp/30303/p2p/16Uiu2HAmPLe7Mzm8TsYUubgCAW1aJoeFScxrLj8ppHFivPo97bUZ;1696234476;1;40;1;1
/ip4/127.0.0.1/tcp/30304/p2p/16Uiu2HAm7Mw97BA7pzxmUxGUdqT24tE5uGg2SHGk6VWfYpfP4LZK;1696234476;0;;0;0
/dns4/node-01.ac-cn-hongkong-c.wakuv2.prod.statusim.net/tcp/30303/p2p/16Uiu2HAm4v86W3bmT1BiH6oSPzcsSr24iDQpSN5Qa992BCjjwgrD;1696234476;1;395;1;1
/dns4/node-01.do-ams3.wakuv2.test.statusim.net/tcp/30303/p2p/16Uiu2HAmPLe7Mzm8TsYUubgCAW1aJoeFScxrLj8ppHFivPo97bUZ;1696234480;1;38;1;1
/ip4/127.0.0.1/tcp/30304/p2p/16Uiu2HAm7Mw97BA7pzxmUxGUdqT24tE5uGg2SHGk6VWfYpfP4LZK;1696234480;0;;0;0
/dns4/node-01.ac-cn-hongkong-c.wakuv2.prod.statusim.net/tcp/30303/p2p/16Uiu2HAm4v86W3bmT1BiH6oSPzcsSr24iDQpSN5Qa992BCjjwgrD;1696234480;1;300;1;1
/dns4/node-01.do-ams3.wakuv2.test.statusim.net/tcp/30303/p2p/16Uiu2HAmPLe7Mzm8TsYUubgCAW1aJoeFScxrLj8ppHFivPo97bUZ;1696234490;1;36;1;1
/ip4/127.0.0.1/tcp/30304/p2p/16Uiu2HAm7Mw97BA7pzxmUxGUdqT24tE5uGg2SHGk6VWfYpfP4LZK;1696234490;0;;0;0
/dns4/node-01.ac-cn-hongkong-c.wakuv2.prod.statusim.net/tcp/30303/p2p/16Uiu2HAm4v86W3bmT1BiH6oSPzcsSr24iDQpSN5Qa992BCjjwgrD;1696234490;1;359;1;1
/dns4/node-01.do-ams3.wakuv2.test.statusim.net/tcp/30303/p2p/16Uiu2HAmPLe7Mzm8TsYUubgCAW1aJoeFScxrLj8ppHFivPo97bUZ;1696234494;1;29;1;1
/ip4/127.0.0.1/tcp/30304/p2p/16Uiu2HAm7Mw97BA7pzxmUxGUdqT24tE5uGg2SHGk6VWfYpfP4LZK;1696234494;0;;0;0
/dns4/node-01.ac-cn-hongkong-c.wakuv2.prod.statusim.net/tcp/30303/p2p/16Uiu2HAm4v86W3bmT1BiH6oSPzcsSr24iDQpSN5Qa992BCjjwgrD;1696234494;1;373;1;1
/dns4/node-01.do-ams3.wakuv2.test.statusim.net/tcp/30303/p2p/16Uiu2HAmPLe7Mzm8TsYUubgCAW1aJoeFScxrLj8ppHFivPo97bUZ;1696234499;1;41;1;1
/ip4/127.0.0.1/tcp/30304/p2p/16Uiu2HAm7Mw97BA7pzxmUxGUdqT24tE5uGg2SHGk6VWfYpfP4LZK;1696234499;0;;0;0
/dns4/node-01.ac-cn-hongkong-c.wakuv2.prod.statusim.net/tcp/30303/p2p/16Uiu2HAm4v86W3bmT1BiH6oSPzcsSr24iDQpSN5Qa992BCjjwgrD;1696234499;1;307;1;1
/dns4/node-01.do-ams3.wakuv2.test.statusim.net/tcp/30303/p2p/16Uiu2HAmPLe7Mzm8TsYUubgCAW1aJoeFScxrLj8ppHFivPo97bUZ;1696234503;1;34;1;1
/ip4/127.0.0.1/tcp/30304/p2p/16Uiu2HAm7Mw97BA7pzxmUxGUdqT24tE5uGg2SHGk6VWfYpfP4LZK;1696234503;0;;0;0
/dns4/node-01.ac-cn-hongkong-c.wakuv2.prod.statusim.net/tcp/30303/p2p/16Uiu2HAm4v86W3bmT1BiH6oSPzcsSr24iDQpSN5Qa992BCjjwgrD;1696234503;1;337;1;1
/dns4/node-01.do-ams3.wakuv2.test.statusim.net/tcp/30303/p2p/16Uiu2HAmPLe7Mzm8TsYUubgCAW1aJoeFScxrLj8ppHFivPo97bUZ;1696234507;1;39;1;1
/ip4/127.0.0.1/tcp/30304/p2p/16Uiu2HAm7Mw97BA7pzxmUxGUdqT24tE5uGg2SHGk6VWfYpfP4LZK;1696234507;0;;0;0
/dns4/node-01.ac-cn-hongkong-c.wakuv2.prod.statusim.net/tcp/30303/p2p/16Uiu2HAm4v86W3bmT1BiH6oSPzcsSr24iDQpSN5Qa992BCjjwgrD;1696234507;1;300;1;1
/dns4/node-01.do-ams3.wakuv2.test.statusim.net/tcp/30303/p2p/16Uiu2HAmPLe7Mzm8TsYUubgCAW1aJoeFScxrLj8ppHFivPo97bUZ;1696234765;1;33;1;1
/ip4/127.0.0.1/tcp/30304/p2p/16Uiu2HAm7Mw97BA7pzxmUxGUdqT24tE5uGg2SHGk6VWfYpfP4LZK;1696234765;0;;0;0
/dns4/node-01.ac-cn-hongkong-c.wakuv2.prod.statusim.net/tcp/30303/p2p/16Uiu2HAm4v86W3bmT1BiH6oSPzcsSr24iDQpSN5Qa992BCjjwgrD;1696234765;1;336;1;1
/dns4/node-01.do-ams3.wakuv2.test.statusim.net/tcp/30303/p2p/16Uiu2HAmPLe7Mzm8TsYUubgCAW1aJoeFScxrLj8ppHFivPo97bUZ;1696234769;1;45;1;1
/ip4/127.0.0.1/tcp/30304/p2p/16Uiu2HAm7Mw97BA7pzxmUxGUdqT24tE5uGg2SHGk6VWfYpfP4LZK;1696234769;0;;0;0
/dns4/node-01.ac-cn-hongkong-c.wakuv2.prod.statusim.net/tcp/30303/p2p/16Uiu2HAm4v86W3bmT1BiH6oSPzcsSr24iDQpSN5Qa992BCjjwgrD;1696234769;1;361;1;1
/dns4/node-01.do-ams3.wakuv2.test.statusim.net/tcp/30303/p2p/16Uiu2HAmPLe7Mzm8TsYUubgCAW1aJoeFScxrLj8ppHFivPo97bUZ;1696234773;1;34;1;1
/ip4/127.0.0.1/tcp/30304/p2p/16Uiu2HAm7Mw97BA7pzxmUxGUdqT24tE5uGg2SHGk6VWfYpfP4LZK;1696234773;0;;0;0
/dns4/node-01.ac-cn-hongkong-c.wakuv2.prod.statusim.net/tcp/30303/p2p/16Uiu2HAm4v86W3bmT1BiH6oSPzcsSr24iDQpSN5Qa992BCjjwgrD;1696234773;1;414;1;1
/dns4/node-01.do-ams3.wakuv2.test.statusim.net/tcp/30303/p2p/16Uiu2HAmPLe7Mzm8TsYUubgCAW1aJoeFScxrLj8ppHFivPo97bUZ;1696234777;1;59;1;1
/ip4/127.0.0.1/tcp/30304/p2p/16Uiu2HAm7Mw97BA7pzxmUxGUdqT24tE5uGg2SHGk6VWfYpfP4LZK;1696234777;0;;0;0
/dns4/node-01.ac-cn-hongkong-c.wakuv2.prod.statusim.net/tcp/30303/p2p/16Uiu2HAm4v86W3bmT1BiH6oSPzcsSr24iDQpSN5Qa992BCjjwgrD;1696234777;1;339;1;1
/dns4/node-01.do-ams3.wakuv2.test.statusim.net/tcp/30303/p2p/16Uiu2HAmPLe7Mzm8TsYUubgCAW1aJoeFScxrLj8ppHFivPo97bUZ;1696234781;1;28;1;1
/ip4/127.0.0.1/tcp/30304/p2p/16Uiu2HAm7Mw97BA7pzxmUxGUdqT24tE5uGg2SHGk6VWfYpfP4LZK;1696234781;0;;0;0
/dns4/node-01.ac-cn-hongkong-c.wakuv2.prod.statusim.net/tcp/30303/p2p/16Uiu2HAm4v86W3bmT1BiH6oSPzcsSr24iDQpSN5Qa992BCjjwgrD;1696234781;1;336;1;1
/dns4/node-01.do-ams3.wakuv2.test.statusim.net/tcp/30303/p2p/16Uiu2HAmPLe7Mzm8TsYUubgCAW1aJoeFScxrLj8ppHFivPo97bUZ;1696234792;1;361;1;1
/ip4/127.0.0.1/tcp/30304/p2p/16Uiu2HAm7Mw97BA7pzxmUxGUdqT24tE5uGg2SHGk6VWfYpfP4LZK;1696234792;0;;0;0
/dns4/node-01.ac-cn-hongkong-c.wakuv2.prod.statusim.net/tcp/30303/p2p/16Uiu2HAm4v86W3bmT1BiH6oSPzcsSr24iDQpSN5Qa992BCjjwgrD;1696234792;1;293;1;1
/dns4/node-01.do-ams3.wakuv2.test.statusim.net/tcp/30303/p2p/16Uiu2HAmPLe7Mzm8TsYUubgCAW1aJoeFScxrLj8ppHFivPo97bUZ;1696234796;1;37;1;1
/ip4/127.0.0.1/tcp/30304/p2p/16Uiu2HAm7Mw97BA7pzxmUxGUdqT24tE5uGg2SHGk6VWfYpfP4LZK;1696234796;0;;0;0
/dns4/node-01.ac-cn-hongkong-c.wakuv2.prod.statusim.net/tcp/30303/p2p/16Uiu2HAm4v86W3bmT1BiH6oSPzcsSr24iDQpSN5Qa992BCjjwgrD;1696234796;1;272;1;1
/dns4/node-01.do-ams3.wakuv2.test.statusim.net/tcp/30303/p2p/16Uiu2HAmPLe7Mzm8TsYUubgCAW1aJoeFScxrLj8ppHFivPo97bUZ;1696234800;1;36;1;1
/ip4/127.0.0.1/tcp/30304/p2p/16Uiu2HAm7Mw97BA7pzxmUxGUdqT24tE5uGg2SHGk6VWfYpfP4LZK;1696234800;0;;0;0
/dns4/node-01.ac-cn-hongkong-c.wakuv2.prod.statusim.net/tcp/30303/p2p/16Uiu2HAm4v86W3bmT1BiH6oSPzcsSr24iDQpSN5Qa992BCjjwgrD;1696234800;1;394;1;1
/dns4/node-01.do-ams3.wakuv2.test.statusim.net/tcp/30303/p2p/16Uiu2HAmPLe7Mzm8TsYUubgCAW1aJoeFScxrLj8ppHFivPo97bUZ;1696234804;1;26;1;1
/ip4/127.0.0.1/tcp/30304/p2p/16Uiu2HAm7Mw97BA7pzxmUxGUdqT24tE5uGg2SHGk6VWfYpfP4LZK;1696234804;0;;0;0
/dns4/node-01.ac-cn-hongkong-c.wakuv2.prod.statusim.net/tcp/30303/p2p/16Uiu2HAm4v86W3bmT1BiH6oSPzcsSr24iDQpSN5Qa992BCjjwgrD;1696234804;1;340;1;1
/dns4/node-01.do-ams3.wakuv2.test.statusim.net/tcp/30303/p2p/16Uiu2HAmPLe7Mzm8TsYUubgCAW1aJoeFScxrLj8ppHFivPo97bUZ;1696234808;1;29;1;1
/ip4/127.0.0.1/tcp/30304/p2p/16Uiu2HAm7Mw97BA7pzxmUxGUdqT24tE5uGg2SHGk6VWfYpfP4LZK;1696234808;0;;0;0
/dns4/node-01.ac-cn-hongkong-c.wakuv2.prod.statusim.net/tcp/30303/p2p/16Uiu2HAm4v86W3bmT1BiH6oSPzcsSr24iDQpSN5Qa992BCjjwgrD;1696234808;1;340;1;1
/dns4/node-01.do-ams3.wakuv2.test.statusim.net/tcp/30303/p2p/16Uiu2HAmPLe7Mzm8TsYUubgCAW1aJoeFScxrLj8ppHFivPo97bUZ;1696234819;1;56;1;1
/ip4/127.0.0.1/tcp/30304/p2p/16Uiu2HAm7Mw97BA7pzxmUxGUdqT24tE5uGg2SHGk6VWfYpfP4LZK;1696234819;0;;0;0
/dns4/node-01.ac-cn-hongkong-c.wakuv2.prod.statusim.net/tcp/30303/p2p/16Uiu2HAm4v86W3bmT1BiH6oSPzcsSr24iDQpSN5Qa992BCjjwgrD;1696234819;1;330;1;1
/dns4/node-01.do-ams3.wakuv2.test.statusim.net/tcp/30303/p2p/16Uiu2HAmPLe7Mzm8TsYUubgCAW1aJoeFScxrLj8ppHFivPo97bUZ;1696234823;1;39;1;1
/ip4/127.0.0.1/tcp/30304/p2p/16Uiu2HAm7Mw97BA7pzxmUxGUdqT24tE5uGg2SHGk6VWfYpfP4LZK;1696234823;0;;0;0
/dns4/node-01.ac-cn-hongkong-c.wakuv2.prod.statusim.net/tcp/30303/p2p/16Uiu2HAm4v86W3bmT1BiH6oSPzcsSr24iDQpSN5Qa992BCjjwgrD;1696234823;1;330;1;1
/dns4/node-01.do-ams3.wakuv2.test.statusim.net/tcp/30303/p2p/16Uiu2HAmPLe7Mzm8TsYUubgCAW1aJoeFScxrLj8ppHFivPo97bUZ;1696234827;1;25;1;1
/ip4/127.0.0.1/tcp/30304/p2p/16Uiu2HAm7Mw97BA7pzxmUxGUdqT24tE5uGg2SHGk6VWfYpfP4LZK;1696234827;0;;0;0
/dns4/node-01.ac-cn-hongkong-c.wakuv2.prod.statusim.net/tcp/30303/p2p/16Uiu2HAm4v86W3bmT1BiH6oSPzcsSr24iDQpSN5Qa992BCjjwgrD;1696234827;1;408;1;1
/dns4/node-01.do-ams3.wakuv2.test.statusim.net/tcp/30303/p2p/16Uiu2HAmPLe7Mzm8TsYUubgCAW1aJoeFScxrLj8ppHFivPo97bUZ;1696234831;1;34;1;1
/ip4/127.0.0.1/tcp/30304/p2p/16Uiu2HAm7Mw97BA7pzxmUxGUdqT24tE5uGg2SHGk6VWfYpfP4LZK;1696234831;0;;0;0
/dns4/node-01.ac-cn-hongkong-c.wakuv2.prod.statusim.net/tcp/30303/p2p/16Uiu2HAm4v86W3bmT1BiH6oSPzcsSr24iDQpSN5Qa992BCjjwgrD;1696234831;1;296;1;1
/dns4/node-01.do-ams3.wakuv2.test.statusim.net/tcp/30303/p2p/16Uiu2HAmPLe7Mzm8TsYUubgCAW1aJoeFScxrLj8ppHFivPo97bUZ;1696234835;1;42;1;1
/ip4/127.0.0.1/tcp/30304/p2p/16Uiu2HAm7Mw97BA7pzxmUxGUdqT24tE5uGg2SHGk6VWfYpfP4LZK;1696234835;0;;0;0
/dns4/node-01.ac-cn-hongkong-c.wakuv2.prod.statusim.net/tcp/30303/p2p/16Uiu2HAm4v86W3bmT1BiH6oSPzcsSr24iDQpSN5Qa992BCjjwgrD;1696234835;1;392;1;1
/dns4/node-01.do-ams3.wakuv2.test.statusim.net/tcp/30303/p2p/16Uiu2HAmPLe7Mzm8TsYUubgCAW1aJoeFScxrLj8ppHFivPo97bUZ;1696234846;1;43;1;1
/ip4/127.0.0.1/tcp/30304/p2p/16Uiu2HAm7Mw97BA7pzxmUxGUdqT24tE5uGg2SHGk6VWfYpfP4LZK;1696234846;0;;0;0
/dns4/node-01.ac-cn-hongkong-c.wakuv2.prod.statusim.net/tcp/30303/p2p/16Uiu2HAm4v86W3bmT1BiH6oSPzcsSr24iDQpSN5Qa992BCjjwgrD;1696234846;1;336;1;1
/dns4/node-01.do-ams3.wakuv2.test.statusim.net/tcp/30303/p2p/16Uiu2HAmPLe7Mzm8TsYUubgCAW1aJoeFScxrLj8ppHFivPo97bUZ;1696234850;1;47;1;1
/ip4/127.0.0.1/tcp/30304/p2p/16Uiu2HAm7Mw97BA7pzxmUxGUdqT24tE5uGg2SHGk6VWfYpfP4LZK;1696234850;0;;0;0
/dns4/node-01.ac-cn-hongkong-c.wakuv2.prod.statusim.net/tcp/30303/p2p/16Uiu2HAm4v86W3bmT1BiH6oSPzcsSr24iDQpSN5Qa992BCjjwgrD;1696234850;1;348;1;1
/dns4/node-01.do-ams3.wakuv2.test.statusim.net/tcp/30303/p2p/16Uiu2HAmPLe7Mzm8TsYUubgCAW1aJoeFScxrLj8ppHFivPo97bUZ;1696234854;1;34;1;1
/ip4/127.0.0.1/tcp/30304/p2p/16Uiu2HAm7Mw97BA7pzxmUxGUdqT24tE5uGg2SHGk6VWfYpfP4LZK;1696234854;0;;0;0
/dns4/node-01.ac-cn-hongkong-c.wakuv2.prod.statusim.net/tcp/30303/p2p/16Uiu2HAm4v86W3bmT1BiH6oSPzcsSr24iDQpSN5Qa992BCjjwgrD;1696234854;1;343;1;1
/dns4/node-01.do-ams3.wakuv2.test.statusim.net/tcp/30303/p2p/16Uiu2HAmPLe7Mzm8TsYUubgCAW1aJoeFScxrLj8ppHFivPo97bUZ;1696234858;1;36;1;1
/ip4/127.0.0.1/tcp/30304/p2p/16Uiu2HAm7Mw97BA7pzxmUxGUdqT24tE5uGg2SHGk6VWfYpfP4LZK;1696234858;0;;0;0
/dns4/node-01.ac-cn-hongkong-c.wakuv2.prod.statusim.net/tcp/30303/p2p/16Uiu2HAm4v86W3bmT1BiH6oSPzcsSr24iDQpSN5Qa992BCjjwgrD;1696234858;1;407;1;1
/dns4/node-01.do-ams3.wakuv2.test.statusim.net/tcp/30303/p2p/16Uiu2HAmPLe7Mzm8TsYUubgCAW1aJoeFScxrLj8ppHFivPo97bUZ;1696234862;1;38;1;1
/ip4/127.0.0.1/tcp/30304/p2p/16Uiu2HAm7Mw97BA7pzxmUxGUdqT24tE5uGg2SHGk6VWfYpfP4LZK;1696234862;0;;0;0
/dns4/node-01.ac-cn-hongkong-c.wakuv2.prod.statusim.net/tcp/30303/p2p/16Uiu2HAm4v86W3bmT1BiH6oSPzcsSr24iDQpSN5Qa992BCjjwgrD;1696234862;1;306;1;1
/dns4/node-01.do-ams3.wakuv2.test.statusim.net/tcp/30303/p2p/16Uiu2HAmPLe7Mzm8TsYUubgCAW1aJoeFScxrLj8ppHFivPo97bUZ;1696234872;1;37;1;1
/ip4/127.0.0.1/tcp/30304/p2p/16Uiu2HAm7Mw97BA7pzxmUxGUdqT24tE5uGg2SHGk6VWfYpfP4LZK;1696234872;0;;0;0
/dns4/node-01.ac-cn-hongkong-c.wakuv2.prod.statusim.net/tcp/30303/p2p/16Uiu2HAm4v86W3bmT1BiH6oSPzcsSr24iDQpSN5Qa992BCjjwgrD;1696234872;1;290;1;1
/dns4/node-01.do-ams3.wakuv2.test.statusim.net/tcp/30303/p2p/16Uiu2HAmPLe7Mzm8TsYUubgCAW1aJoeFScxrLj8ppHFivPo97bUZ;1696234876;1;55;1;1
/ip4/127.0.0.1/tcp/30304/p2p/16Uiu2HAm7Mw97BA7pzxmUxGUdqT24tE5uGg2SHGk6VWfYpfP4LZK;1696234876;0;;0;0
/dns4/node-01.ac-cn-hongkong-c.wakuv2.prod.statusim.net/tcp/30303/p2p/16Uiu2HAm4v86W3bmT1BiH6oSPzcsSr24iDQpSN5Qa992BCjjwgrD;1696234876;1;410;1;1
/dns4/node-01.do-ams3.wakuv2.test.statusim.net/tcp/30303/p2p/16Uiu2HAmPLe7Mzm8TsYUubgCAW1aJoeFScxrLj8ppHFivPo97bUZ;1696234880;1;28;1;1
/ip4/127.0.0.1/tcp/30304/p2p/16Uiu2HAm7Mw97BA7pzxmUxGUdqT24tE5uGg2SHGk6VWfYpfP4LZK;1696234880;0;;0;0
/dns4/node-01.ac-cn-hongkong-c.wakuv2.prod.statusim.net/tcp/30303/p2p/16Uiu2HAm4v86W3bmT1BiH6oSPzcsSr24iDQpSN5Qa992BCjjwgrD;1696234880;1;417;1;1
/dns4/node-01.do-ams3.wakuv2.test.statusim.net/tcp/30303/p2p/16Uiu2HAmPLe7Mzm8TsYUubgCAW1aJoeFScxrLj8ppHFivPo97bUZ;1696234884;1;30;1;1
/ip4/127.0.0.1/tcp/30304/p2p/16Uiu2HAm7Mw97BA7pzxmUxGUdqT24tE5uGg2SHGk6VWfYpfP4LZK;1696234884;0;;0;0
/dns4/node-01.ac-cn-hongkong-c.wakuv2.prod.statusim.net/tcp/30303/p2p/16Uiu2HAm4v86W3bmT1BiH6oSPzcsSr24iDQpSN5Qa992BCjjwgrD;1696234884;1;281;1;1
/dns4/node-01.do-ams3.wakuv2.test.statusim.net/tcp/30303/p2p/16Uiu2HAmPLe7Mzm8TsYUubgCAW1aJoeFScxrLj8ppHFivPo97bUZ;1696234888;1;70;1;1
/ip4/127.0.0.1/tcp/30304/p2p/16Uiu2HAm7Mw97BA7pzxmUxGUdqT24tE5uGg2SHGk6VWfYpfP4LZK;1696234888;0;;0;0
/dns4/node-01.ac-cn-hongkong-c.wakuv2.prod.statusim.net/tcp/30303/p2p/16Uiu2HAm4v86W3bmT1BiH6oSPzcsSr24iDQpSN5Qa992BCjjwgrD;1696234888;1;412;1;1
/dns4/node-01.do-ams3.wakuv2.test.statusim.net/tcp/30303/p2p/16Uiu2HAmPLe7Mzm8TsYUubgCAW1aJoeFScxrLj8ppHFivPo97bUZ;1696234900;1;26;1;1
/ip4/127.0.0.1/tcp/30304/p2p/16Uiu2HAm7Mw97BA7pzxmUxGUdqT24tE5uGg2SHGk6VWfYpfP4LZK;1696234900;0;;0;0
/dns4/node-01.ac-cn-hongkong-c.wakuv2.prod.statusim.net/tcp/30303/p2p/16Uiu2HAm4v86W3bmT1BiH6oSPzcsSr24iDQpSN5Qa992BCjjwgrD;1696234900;1;308;1;1
/dns4/node-01.do-ams3.wakuv2.test.statusim.net/tcp/30303/p2p/16Uiu2HAmPLe7Mzm8TsYUubgCAW1aJoeFScxrLj8ppHFivPo97bUZ;1696234904;1;82;1;1
/ip4/127.0.0.1/tcp/30304/p2p/16Uiu2HAm7Mw97BA7pzxmUxGUdqT24tE5uGg2SHGk6VWfYpfP4LZK;1696234904;0;;0;0
/dns4/node-01.ac-cn-hongkong-c.wakuv2.prod.statusim.net/tcp/30303/p2p/16Uiu2HAm4v86W3bmT1BiH6oSPzcsSr24iDQpSN5Qa992BCjjwgrD;1696234904;1;413;1;1
/dns4/node-01.do-ams3.wakuv2.test.statusim.net/tcp/30303/p2p/16Uiu2HAmPLe7Mzm8TsYUubgCAW1aJoeFScxrLj8ppHFivPo97bUZ;1696234908;1;39;1;1
/ip4/127.0.0.1/tcp/30304/p2p/16Uiu2HAm7Mw97BA7pzxmUxGUdqT24tE5uGg2SHGk6VWfYpfP4LZK;1696234908;0;;0;0
/dns4/node-01.ac-cn-hongkong-c.wakuv2.prod.statusim.net/tcp/30303/p2p/16Uiu2HAm4v86W3bmT1BiH6oSPzcsSr24iDQpSN5Qa992BCjjwgrD;1696234908;1;331;1;1
/dns4/node-01.do-ams3.wakuv2.test.statusim.net/tcp/30303/p2p/16Uiu2HAmPLe7Mzm8TsYUubgCAW1aJoeFScxrLj8ppHFivPo97bUZ;1696234912;1;92;1;1
/ip4/127.0.0.1/tcp/30304/p2p/16Uiu2HAm7Mw97BA7pzxmUxGUdqT24tE5uGg2SHGk6VWfYpfP4LZK;1696234912;0;;0;0
/dns4/node-01.ac-cn-hongkong-c.wakuv2.prod.statusim.net/tcp/30303/p2p/16Uiu2HAm4v86W3bmT1BiH6oSPzcsSr24iDQpSN5Qa992BCjjwgrD;1696234912;1;280;1;1
/dns4/node-01.do-ams3.wakuv2.test.statusim.net/tcp/30303/p2p/16Uiu2HAmPLe7Mzm8TsYUubgCAW1aJoeFScxrLj8ppHFivPo97bUZ;1696234916;1;131;1;1
/ip4/127.0.0.1/tcp/30304/p2p/16Uiu2HAm7Mw97BA7pzxmUxGUdqT24tE5uGg2SHGk6VWfYpfP4LZK;1696234916;0;;0;0
/dns4/node-01.ac-cn-hongkong-c.wakuv2.prod.statusim.net/tcp/30303/p2p/16Uiu2HAm4v86W3bmT1BiH6oSPzcsSr24iDQpSN5Qa992BCjjwgrD;1696234916;1;315;1;1
/dns4/node-01.do-ams3.wakuv2.test.statusim.net/tcp/30303/p2p/16Uiu2HAmPLe7Mzm8TsYUubgCAW1aJoeFScxrLj8ppHFivPo97bUZ;1696234927;1;34;1;1
/ip4/127.0.0.1/tcp/30304/p2p/16Uiu2HAm7Mw97BA7pzxmUxGUdqT24tE5uGg2SHGk6VWfYpfP4LZK;1696234927;0;;0;0
/dns4/node-01.ac-cn-hongkong-c.wakuv2.prod.statusim.net/tcp/30303/p2p/16Uiu2HAm4v86W3bmT1BiH6oSPzcsSr24iDQpSN5Qa992BCjjwgrD;1696234927;1;330;1;1
/dns4/node-01.do-ams3.wakuv2.test.statusim.net/tcp/30303/p2p/16Uiu2HAmPLe7Mzm8TsYUubgCAW1aJoeFScxrLj8ppHFivPo97bUZ;1696234931;1;26;1;1
/ip4/127.0.0.1/tcp/30304/p2p/16Uiu2HAm7Mw97BA7pzxmUxGUdqT24tE5uGg2SHGk6VWfYpfP4LZK;1696234931;0;;0;0
/dns4/node-01.ac-cn-hongkong-c.wakuv2.prod.statusim.net/tcp/30303/p2p/16Uiu2HAm4v86W3bmT1BiH6oSPzcsSr24iDQpSN5Qa992BCjjwgrD;1696234931;1;293;1;1
/dns4/node-01.do-ams3.wakuv2.test.statusim.net/tcp/30303/p2p/16Uiu2HAmPLe7Mzm8TsYUubgCAW1aJoeFScxrLj8ppHFivPo97bUZ;1696234935;1;58;1;1
/ip4/127.0.0.1/tcp/30304/p2p/16Uiu2HAm7Mw97BA7pzxmUxGUdqT24tE5uGg2SHGk6VWfYpfP4LZK;1696234935;0;;0;0
/dns4/node-01.ac-cn-hongkong-c.wakuv2.prod.statusim.net/tcp/30303/p2p/16Uiu2HAm4v86W3bmT1BiH6oSPzcsSr24iDQpSN5Qa992BCjjwgrD;1696234935;1;318;1;1
/dns4/node-01.do-ams3.wakuv2.test.statusim.net/tcp/30303/p2p/16Uiu2HAmPLe7Mzm8TsYUubgCAW1aJoeFScxrLj8ppHFivPo97bUZ;1696234939;1;42;1;1
/ip4/127.0.0.1/tcp/30304/p2p/16Uiu2HAm7Mw97BA7pzxmUxGUdqT24tE5uGg2SHGk6VWfYpfP4LZK;1696234939;0;;0;0
/dns4/node-01.ac-cn-hongkong-c.wakuv2.prod.statusim.net/tcp/30303/p2p/16Uiu2HAm4v86W3bmT1BiH6oSPzcsSr24iDQpSN5Qa992BCjjwgrD;1696234939;1;316;1;1
/dns4/node-01.do-ams3.wakuv2.test.statusim.net/tcp/30303/p2p/16Uiu2HAmPLe7Mzm8TsYUubgCAW1aJoeFScxrLj8ppHFivPo97bUZ;1696234943;1;74;1;1
/ip4/127.0.0.1/tcp/30304/p2p/16Uiu2HAm7Mw97BA7pzxmUxGUdqT24tE5uGg2SHGk6VWfYpfP4LZK;1696234943;0;;0;0
/dns4/node-01.ac-cn-hongkong-c.wakuv2.prod.statusim.net/tcp/30303/p2p/16Uiu2HAm4v86W3bmT1BiH6oSPzcsSr24iDQpSN5Qa992BCjjwgrD;1696234943;1;305;1;1
/dns4/node-01.do-ams3.wakuv2.test.statusim.net/tcp/30303/p2p/16Uiu2HAmPLe7Mzm8TsYUubgCAW1aJoeFScxrLj8ppHFivPo97bUZ;1696234954;1;42;1;1
/ip4/127.0.0.1/tcp/30304/p2p/16Uiu2HAm7Mw97BA7pzxmUxGUdqT24tE5uGg2SHGk6VWfYpfP4LZK;1696234954;0;;0;0
/dns4/node-01.ac-cn-hongkong-c.wakuv2.prod.statusim.net/tcp/30303/p2p/16Uiu2HAm4v86W3bmT1BiH6oSPzcsSr24iDQpSN5Qa992BCjjwgrD;1696234954;1;403;1;1
/dns4/node-01.do-ams3.wakuv2.test.statusim.net/tcp/30303/p2p/16Uiu2HAmPLe7Mzm8TsYUubgCAW1aJoeFScxrLj8ppHFivPo97bUZ;1696234958;1;56;1;1
/ip4/127.0.0.1/tcp/30304/p2p/16Uiu2HAm7Mw97BA7pzxmUxGUdqT24tE5uGg2SHGk6VWfYpfP4LZK;1696234958;0;;0;0
/dns4/node-01.ac-cn-hongkong-c.wakuv2.prod.statusim.net/tcp/30303/p2p/16Uiu2HAm4v86W3bmT1BiH6oSPzcsSr24iDQpSN5Qa992BCjjwgrD;1696234958;1;349;1;1
/dns4/node-01.do-ams3.wakuv2.test.statusim.net/tcp/30303/p2p/16Uiu2HAmPLe7Mzm8TsYUubgCAW1aJoeFScxrLj8ppHFivPo97bUZ;1696234962;1;32;1;1
/ip4/127.0.0.1/tcp/30304/p2p/16Uiu2HAm7Mw97BA7pzxmUxGUdqT24tE5uGg2SHGk6VWfYpfP4LZK;1696234962;0;;0;0
/dns4/node-01.ac-cn-hongkong-c.wakuv2.prod.statusim.net/tcp/30303/p2p/16Uiu2HAm4v86W3bmT1BiH6oSPzcsSr24iDQpSN5Qa992BCjjwgrD;1696234962;1;421;1;1
/dns4/node-01.do-ams3.wakuv2.test.statusim.net/tcp/30303/p2p/16Uiu2HAmPLe7Mzm8TsYUubgCAW1aJoeFScxrLj8ppHFivPo97bUZ;1696234966;1;26;1;1
/ip4/127.0.0.1/tcp/30304/p2p/16Uiu2HAm7Mw97BA7pzxmUxGUdqT24tE5uGg2SHGk6VWfYpfP4LZK;1696234966;0;;0;0
/dns4/node-01.ac-cn-hongkong-c.wakuv2.prod.statusim.net/tcp/30303/p2p/16Uiu2HAm4v86W3bmT1BiH6oSPzcsSr24iDQpSN5Qa992BCjjwgrD;1696234966;1;297;1;1
/dns4/node-01.do-ams3.wakuv2.test.statusim.net/tcp/30303/p2p/16Uiu2HAmPLe7Mzm8TsYUubgCAW1aJoeFScxrLj8ppHFivPo97bUZ;1696234970;1;39;1;1
/ip4/127.0.0.1/tcp/30304/p2p/16Uiu2HAm7Mw97BA7pzxmUxGUdqT24tE5uGg2SHGk6VWfYpfP4LZK;1696234970;0;;0;0
/dns4/node-01.ac-cn-hongkong-c.wakuv2.prod.statusim.net/tcp/30303/p2p/16Uiu2HAm4v86W3bmT1BiH6oSPzcsSr24iDQpSN5Qa992BCjjwgrD;1696234970;1;335;1;1
/dns4/node-01.do-ams3.wakuv2.test.statusim.net/tcp/30303/p2p/16Uiu2HAmPLe7Mzm8TsYUubgCAW1aJoeFScxrLj8ppHFivPo97bUZ;1696234980;1;32;1;1
/ip4/127.0.0.1/tcp/30304/p2p/16Uiu2HAm7Mw97BA7pzxmUxGUdqT24tE5uGg2SHGk6VWfYpfP4LZK;1696234980;0;;0;0
/dns4/node-01.ac-cn-hongkong-c.wakuv2.prod.statusim.net/tcp/30303/p2p/16Uiu2HAm4v86W3bmT1BiH6oSPzcsSr24iDQpSN5Qa992BCjjwgrD;1696234980;1;333;1;1
/dns4/node-01.do-ams3.wakuv2.test.statusim.net/tcp/30303/p2p/16Uiu2HAmPLe7Mzm8TsYUubgCAW1aJoeFScxrLj8ppHFivPo97bUZ;1696234984;1;35;1;1
/ip4/127.0.0.1/tcp/30304/p2p/16Uiu2HAm7Mw97BA7pzxmUxGUdqT24tE5uGg2SHGk6VWfYpfP4LZK;1696234984;0;;0;0
/dns4/node-01.ac-cn-hongkong-c.wakuv2.prod.statusim.net/tcp/30303/p2p/16Uiu2HAm4v86W3bmT1BiH6oSPzcsSr24iDQpSN5Qa992BCjjwgrD;1696234984;1;413;1;1
/dns4/node-01.do-ams3.wakuv2.test.statusim.net/tcp/30303/p2p/16Uiu2HAmPLe7Mzm8TsYUubgCAW1aJoeFScxrLj8ppHFivPo97bUZ;1696234988;1;170;1;1
/ip4/127.0.0.1/tcp/30304/p2p/16Uiu2HAm7Mw97BA7pzxmUxGUdqT24tE5uGg2SHGk6VWfYpfP4LZK;1696234988;0;;0;0
/dns4/node-01.ac-cn-hongkong-c.wakuv2.prod.statusim.net/tcp/30303/p2p/16Uiu2HAm4v86W3bmT1BiH6oSPzcsSr24iDQpSN5Qa992BCjjwgrD;1696234988;1;401;1;1
/dns4/node-01.do-ams3.wakuv2.test.statusim.net/tcp/30303/p2p/16Uiu2HAmPLe7Mzm8TsYUubgCAW1aJoeFScxrLj8ppHFivPo97bUZ;1696234993;1;27;1;1
/ip4/127.0.0.1/tcp/30304/p2p/16Uiu2HAm7Mw97BA7pzxmUxGUdqT24tE5uGg2SHGk6VWfYpfP4LZK;1696234993;0;;0;0
/dns4/node-01.ac-cn-hongkong-c.wakuv2.prod.statusim.net/tcp/30303/p2p/16Uiu2HAm4v86W3bmT1BiH6oSPzcsSr24iDQpSN5Qa992BCjjwgrD;1696234993;1;321;1;1
/dns4/node-01.do-ams3.wakuv2.test.statusim.net/tcp/30303/p2p/16Uiu2HAmPLe7Mzm8TsYUubgCAW1aJoeFScxrLj8ppHFivPo97bUZ;1696234997;1;61;1;1
/ip4/127.0.0.1/tcp/30304/p2p/16Uiu2HAm7Mw97BA7pzxmUxGUdqT24tE5uGg2SHGk6VWfYpfP4LZK;1696234997;0;;0;0
/dns4/node-01.ac-cn-hongkong-c.wakuv2.prod.statusim.net/tcp/30303/p2p/16Uiu2HAm4v86W3bmT1BiH6oSPzcsSr24iDQpSN5Qa992BCjjwgrD;1696234997;1;293;1;1
/dns4/node-01.do-ams3.wakuv2.test.statusim.net/tcp/30303/p2p/16Uiu2HAmPLe7Mzm8TsYUubgCAW1aJoeFScxrLj8ppHFivPo97bUZ;1696235012;1;134;1;1
/ip4/127.0.0.1/tcp/30304/p2p/16Uiu2HAm7Mw97BA7pzxmUxGUdqT24tE5uGg2SHGk6VWfYpfP4LZK;1696235012;0;;0;0
/dns4/node-01.ac-cn-hongkong-c.wakuv2.prod.statusim.net/tcp/30303/p2p/16Uiu2HAm4v86W3bmT1BiH6oSPzcsSr24iDQpSN5Qa992BCjjwgrD;1696235012;1;319;1;1
/dns4/node-01.do-ams3.wakuv2.test.statusim.net/tcp/30303/p2p/16Uiu2HAmPLe7Mzm8TsYUubgCAW1aJoeFScxrLj8ppHFivPo97bUZ;1696235016;1;64;1;1
/ip4/127.0.0.1/tcp/30304/p2p/16Uiu2HAm7Mw97BA7pzxmUxGUdqT24tE5uGg2SHGk6VWfYpfP4LZK;1696235016;0;;0;0
/dns4/node-01.ac-cn-hongkong-c.wakuv2.prod.statusim.net/tcp/30303/p2p/16Uiu2HAm4v86W3bmT1BiH6oSPzcsSr24iDQpSN5Qa992BCjjwgrD;1696235016;1;354;1;1
/dns4/node-01.do-ams3.wakuv2.test.statusim.net/tcp/30303/p2p/16Uiu2HAmPLe7Mzm8TsYUubgCAW1aJoeFScxrLj8ppHFivPo97bUZ;1696235020;1;54;1;1
/ip4/127.0.0.1/tcp/30304/p2p/16Uiu2HAm7Mw97BA7pzxmUxGUdqT24tE5uGg2SHGk6VWfYpfP4LZK;1696235020;0;;0;0
/dns4/node-01.ac-cn-hongkong-c.wakuv2.prod.statusim.net/tcp/30303/p2p/16Uiu2HAm4v86W3bmT1BiH6oSPzcsSr24iDQpSN5Qa992BCjjwgrD;1696235020;1;464;1;1
/dns4/node-01.do-ams3.wakuv2.test.statusim.net/tcp/30303/p2p/16Uiu2HAmPLe7Mzm8TsYUubgCAW1aJoeFScxrLj8ppHFivPo97bUZ;1696235024;1;46;1;1
/ip4/127.0.0.1/tcp/30304/p2p/16Uiu2HAm7Mw97BA7pzxmUxGUdqT24tE5uGg2SHGk6VWfYpfP4LZK;1696235024;0;;0;0
/dns4/node-01.ac-cn-hongkong-c.wakuv2.prod.statusim.net/tcp/30303/p2p/16Uiu2HAm4v86W3bmT1BiH6oSPzcsSr24iDQpSN5Qa992BCjjwgrD;1696235024;1;296;1;1
/dns4/node-01.do-ams3.wakuv2.test.statusim.net/tcp/30303/p2p/16Uiu2HAmPLe7Mzm8TsYUubgCAW1aJoeFScxrLj8ppHFivPo97bUZ;1696235028;1;42;1;1
/ip4/127.0.0.1/tcp/30304/p2p/16Uiu2HAm7Mw97BA7pzxmUxGUdqT24tE5uGg2SHGk6VWfYpfP4LZK;1696235028;0;;0;0
/dns4/node-01.ac-cn-hongkong-c.wakuv2.prod.statusim.net/tcp/30303/p2p/16Uiu2HAm4v86W3bmT1BiH6oSPzcsSr24iDQpSN5Qa992BCjjwgrD;1696235028;1;324;1;1
/dns4/node-01.do-ams3.wakuv2.test.statusim.net/tcp/30303/p2p/16Uiu2HAmPLe7Mzm8TsYUubgCAW1aJoeFScxrLj8ppHFivPo97bUZ;1696235039;1;29;1;1
/ip4/127.0.0.1/tcp/30304/p2p/16Uiu2HAm7Mw97BA7pzxmUxGUdqT24tE5uGg2SHGk6VWfYpfP4LZK;1696235039;0;;0;0
/dns4/node-01.ac-cn-hongkong-c.wakuv2.prod.statusim.net/tcp/30303/p2p/16Uiu2HAm4v86W3bmT1BiH6oSPzcsSr24iDQpSN5Qa992BCjjwgrD;1696235039;1;336;1;1
/dns4/node-01.do-ams3.wakuv2.test.statusim.net/tcp/30303/p2p/16Uiu2HAmPLe7Mzm8TsYUubgCAW1aJoeFScxrLj8ppHFivPo97bUZ;1696235043;1;62;1;1
/ip4/127.0.0.1/tcp/30304/p2p/16Uiu2HAm7Mw97BA7pzxmUxGUdqT24tE5uGg2SHGk6VWfYpfP4LZK;1696235043;0;;0;0
/dns4/node-01.ac-cn-hongkong-c.wakuv2.prod.statusim.net/tcp/30303/p2p/16Uiu2HAm4v86W3bmT1BiH6oSPzcsSr24iDQpSN5Qa992BCjjwgrD;1696235043;1;278;1;1
/dns4/node-01.do-ams3.wakuv2.test.statusim.net/tcp/30303/p2p/16Uiu2HAmPLe7Mzm8TsYUubgCAW1aJoeFScxrLj8ppHFivPo97bUZ;1696235047;1;46;1;1
/ip4/127.0.0.1/tcp/30304/p2p/16Uiu2HAm7Mw97BA7pzxmUxGUdqT24tE5uGg2SHGk6VWfYpfP4LZK;1696235047;0;;0;0
/dns4/node-01.ac-cn-hongkong-c.wakuv2.prod.statusim.net/tcp/30303/p2p/16Uiu2HAm4v86W3bmT1BiH6oSPzcsSr24iDQpSN5Qa992BCjjwgrD;1696235047;1;391;1;1
/dns4/node-01.do-ams3.wakuv2.test.statusim.net/tcp/30303/p2p/16Uiu2HAmPLe7Mzm8TsYUubgCAW1aJoeFScxrLj8ppHFivPo97bUZ;1696235051;1;37;1;1
/ip4/127.0.0.1/tcp/30304/p2p/16Uiu2HAm7Mw97BA7pzxmUxGUdqT24tE5uGg2SHGk6VWfYpfP4LZK;1696235051;0;;0;0
/dns4/node-01.ac-cn-hongkong-c.wakuv2.prod.statusim.net/tcp/30303/p2p/16Uiu2HAm4v86W3bmT1BiH6oSPzcsSr24iDQpSN5Qa992BCjjwgrD;1696235051;1;327;1;1
/dns4/node-01.do-ams3.wakuv2.test.statusim.net/tcp/30303/p2p/16Uiu2HAmPLe7Mzm8TsYUubgCAW1aJoeFScxrLj8ppHFivPo97bUZ;1696235055;1;75;1;1
/ip4/127.0.0.1/tcp/30304/p2p/16Uiu2HAm7Mw97BA7pzxmUxGUdqT24tE5uGg2SHGk6VWfYpfP4LZK;1696235055;0;;0;0
/dns4/node-01.ac-cn-hongkong-c.wakuv2.prod.statusim.net/tcp/30303/p2p/16Uiu2HAm4v86W3bmT1BiH6oSPzcsSr24iDQpSN5Qa992BCjjwgrD;1696235055;1;278;1;1
/dns4/node-01.do-ams3.wakuv2.test.statusim.net/tcp/30303/p2p/16Uiu2HAmPLe7Mzm8TsYUubgCAW1aJoeFScxrLj8ppHFivPo97bUZ;1696235065;1;29;1;1
/ip4/127.0.0.1/tcp/30304/p2p/16Uiu2HAm7Mw97BA7pzxmUxGUdqT24tE5uGg2SHGk6VWfYpfP4LZK;1696235065;0;;0;0
/dns4/node-01.ac-cn-hongkong-c.wakuv2.prod.statusim.net/tcp/30303/p2p/16Uiu2HAm4v86W3bmT1BiH6oSPzcsSr24iDQpSN5Qa992BCjjwgrD;1696235065;1;410;1;1
/dns4/node-01.do-ams3.wakuv2.test.statusim.net/tcp/30303/p2p/16Uiu2HAmPLe7Mzm8TsYUubgCAW1aJoeFScxrLj8ppHFivPo97bUZ;1696235069;1;36;1;1
/ip4/127.0.0.1/tcp/30304/p2p/16Uiu2HAm7Mw97BA7pzxmUxGUdqT24tE5uGg2SHGk6VWfYpfP4LZK;1696235069;0;;0;0
/dns4/node-01.ac-cn-hongkong-c.wakuv2.prod.statusim.net/tcp/30303/p2p/16Uiu2HAm4v86W3bmT1BiH6oSPzcsSr24iDQpSN5Qa992BCjjwgrD;1696235069;1;307;1;1
/dns4/node-01.do-ams3.wakuv2.test.statusim.net/tcp/30303/p2p/16Uiu2HAmPLe7Mzm8TsYUubgCAW1aJoeFScxrLj8ppHFivPo97bUZ;1696235073;1;36;1;1
/ip4/127.0.0.1/tcp/30304/p2p/16Uiu2HAm7Mw97BA7pzxmUxGUdqT24tE5uGg2SHGk6VWfYpfP4LZK;1696235073;0;;0;0
/dns4/node-01.ac-cn-hongkong-c.wakuv2.prod.statusim.net/tcp/30303/p2p/16Uiu2HAm4v86W3bmT1BiH6oSPzcsSr24iDQpSN5Qa992BCjjwgrD;1696235073;1;285;1;1
/dns4/node-01.do-ams3.wakuv2.test.statusim.net/tcp/30303/p2p/16Uiu2HAmPLe7Mzm8TsYUubgCAW1aJoeFScxrLj8ppHFivPo97bUZ;1696235077;1;38;1;1
/ip4/127.0.0.1/tcp/30304/p2p/16Uiu2HAm7Mw97BA7pzxmUxGUdqT24tE5uGg2SHGk6VWfYpfP4LZK;1696235077;0;;0;0
/dns4/node-01.ac-cn-hongkong-c.wakuv2.prod.statusim.net/tcp/30303/p2p/16Uiu2HAm4v86W3bmT1BiH6oSPzcsSr24iDQpSN5Qa992BCjjwgrD;1696235077;1;397;1;1
/dns4/node-01.do-ams3.wakuv2.test.statusim.net/tcp/30303/p2p/16Uiu2HAmPLe7Mzm8TsYUubgCAW1aJoeFScxrLj8ppHFivPo97bUZ;1696235081;1;40;1;1
/ip4/127.0.0.1/tcp/30304/p2p/16Uiu2HAm7Mw97BA7pzxmUxGUdqT24tE5uGg2SHGk6VWfYpfP4LZK;1696235081;0;;0;0
/dns4/node-01.ac-cn-hongkong-c.wakuv2.prod.statusim.net/tcp/30303/p2p/16Uiu2HAm4v86W3bmT1BiH6oSPzcsSr24iDQpSN5Qa992BCjjwgrD;1696235081;1;280;1;1
/dns4/node-01.do-ams3.wakuv2.test.statusim.net/tcp/30303/p2p/16Uiu2HAmPLe7Mzm8TsYUubgCAW1aJoeFScxrLj8ppHFivPo97bUZ;1696235093;1;36;1;1
/ip4/127.0.0.1/tcp/30304/p2p/16Uiu2HAm7Mw97BA7pzxmUxGUdqT24tE5uGg2SHGk6VWfYpfP4LZK;1696235093;0;;0;0
/dns4/node-01.ac-cn-hongkong-c.wakuv2.prod.statusim.net/tcp/30303/p2p/16Uiu2HAm4v86W3bmT1BiH6oSPzcsSr24iDQpSN5Qa992BCjjwgrD;1696235093;1;346;1;1
/dns4/node-01.do-ams3.wakuv2.test.statusim.net/tcp/30303/p2p/16Uiu2HAmPLe7Mzm8TsYUubgCAW1aJoeFScxrLj8ppHFivPo97bUZ;1696235097;1;61;1;1
/ip4/127.0.0.1/tcp/30304/p2p/16Uiu2HAm7Mw97BA7pzxmUxGUdqT24tE5uGg2SHGk6VWfYpfP4LZK;1696235097;0;;0;0
/dns4/node-01.ac-cn-hongkong-c.wakuv2.prod.statusim.net/tcp/30303/p2p/16Uiu2HAm4v86W3bmT1BiH6oSPzcsSr24iDQpSN5Qa992BCjjwgrD;1696235097;1;346;1;1
/dns4/node-01.do-ams3.wakuv2.test.statusim.net/tcp/30303/p2p/16Uiu2HAmPLe7Mzm8TsYUubgCAW1aJoeFScxrLj8ppHFivPo97bUZ;1696235101;1;49;1;1
/ip4/127.0.0.1/tcp/30304/p2p/16Uiu2HAm7Mw97BA7pzxmUxGUdqT24tE5uGg2SHGk6VWfYpfP4LZK;1696235101;0;;0;0
/dns4/node-01.ac-cn-hongkong-c.wakuv2.prod.statusim.net/tcp/30303/p2p/16Uiu2HAm4v86W3bmT1BiH6oSPzcsSr24iDQpSN5Qa992BCjjwgrD;1696235101;1;321;1;1
/dns4/node-01.do-ams3.wakuv2.test.statusim.net/tcp/30303/p2p/16Uiu2HAmPLe7Mzm8TsYUubgCAW1aJoeFScxrLj8ppHFivPo97bUZ;1696235105;1;26;1;1
/ip4/127.0.0.1/tcp/30304/p2p/16Uiu2HAm7Mw97BA7pzxmUxGUdqT24tE5uGg2SHGk6VWfYpfP4LZK;1696235105;0;;0;0
/dns4/node-01.ac-cn-hongkong-c.wakuv2.prod.statusim.net/tcp/30303/p2p/16Uiu2HAm4v86W3bmT1BiH6oSPzcsSr24iDQpSN5Qa992BCjjwgrD;1696235105;1;358;1;1
/dns4/node-01.do-ams3.wakuv2.test.statusim.net/tcp/30303/p2p/16Uiu2HAmPLe7Mzm8TsYUubgCAW1aJoeFScxrLj8ppHFivPo97bUZ;1696235109;1;32;1;1
/ip4/127.0.0.1/tcp/30304/p2p/16Uiu2HAm7Mw97BA7pzxmUxGUdqT24tE5uGg2SHGk6VWfYpfP4LZK;1696235109;0;;0;0
/dns4/node-01.ac-cn-hongkong-c.wakuv2.prod.statusim.net/tcp/30303/p2p/16Uiu2HAm4v86W3bmT1BiH6oSPzcsSr24iDQpSN5Qa992BCjjwgrD;1696235109;1;330;1;1
/dns4/node-01.do-ams3.wakuv2.test.statusim.net/tcp/30303/p2p/16Uiu2HAmPLe7Mzm8TsYUubgCAW1aJoeFScxrLj8ppHFivPo97bUZ;1696235120;1;27;1;1
/ip4/127.0.0.1/tcp/30304/p2p/16Uiu2HAm7Mw97BA7pzxmUxGUdqT24tE5uGg2SHGk6VWfYpfP4LZK;1696235120;0;;0;0
/dns4/node-01.ac-cn-hongkong-c.wakuv2.prod.statusim.net/tcp/30303/p2p/16Uiu2HAm4v86W3bmT1BiH6oSPzcsSr24iDQpSN5Qa992BCjjwgrD;1696235120;1;366;1;1
/dns4/node-01.do-ams3.wakuv2.test.statusim.net/tcp/30303/p2p/16Uiu2HAmPLe7Mzm8TsYUubgCAW1aJoeFScxrLj8ppHFivPo97bUZ;1696235124;1;248;1;1
/ip4/127.0.0.1/tcp/30304/p2p/16Uiu2HAm7Mw97BA7pzxmUxGUdqT24tE5uGg2SHGk6VWfYpfP4LZK;1696235124;0;;0;0
/dns4/node-01.ac-cn-hongkong-c.wakuv2.prod.statusim.net/tcp/30303/p2p/16Uiu2HAm4v86W3bmT1BiH6oSPzcsSr24iDQpSN5Qa992BCjjwgrD;1696235124;1;314;1;1
/dns4/node-01.do-ams3.wakuv2.test.statusim.net/tcp/30303/p2p/16Uiu2HAmPLe7Mzm8TsYUubgCAW1aJoeFScxrLj8ppHFivPo97bUZ;1696235128;1;37;1;1
/ip4/127.0.0.1/tcp/30304/p2p/16Uiu2HAm7Mw97BA7pzxmUxGUdqT24tE5uGg2SHGk6VWfYpfP4LZK;1696235128;0;;0;0
/dns4/node-01.ac-cn-hongkong-c.wakuv2.prod.statusim.net/tcp/30303/p2p/16Uiu2HAm4v86W3bmT1BiH6oSPzcsSr24iDQpSN5Qa992BCjjwgrD;1696235128;1;332;1;1
/dns4/node-01.do-ams3.wakuv2.test.statusim.net/tcp/30303/p2p/16Uiu2HAmPLe7Mzm8TsYUubgCAW1aJoeFScxrLj8ppHFivPo97bUZ;1696235132;1;30;1;1
/ip4/127.0.0.1/tcp/30304/p2p/16Uiu2HAm7Mw97BA7pzxmUxGUdqT24tE5uGg2SHGk6VWfYpfP4LZK;1696235132;0;;0;0
/dns4/node-01.ac-cn-hongkong-c.wakuv2.prod.statusim.net/tcp/30303/p2p/16Uiu2HAm4v86W3bmT1BiH6oSPzcsSr24iDQpSN5Qa992BCjjwgrD;1696235132;1;409;1;1
/dns4/node-01.do-ams3.wakuv2.test.statusim.net/tcp/30303/p2p/16Uiu2HAmPLe7Mzm8TsYUubgCAW1aJoeFScxrLj8ppHFivPo97bUZ;1696235136;1;40;1;1
/ip4/127.0.0.1/tcp/30304/p2p/16Uiu2HAm7Mw97BA7pzxmUxGUdqT24tE5uGg2SHGk6VWfYpfP4LZK;1696235136;0;;0;0
/dns4/node-01.ac-cn-hongkong-c.wakuv2.prod.statusim.net/tcp/30303/p2p/16Uiu2HAm4v86W3bmT1BiH6oSPzcsSr24iDQpSN5Qa992BCjjwgrD;1696235136;1;327;1;1
/dns4/node-01.do-ams3.wakuv2.test.statusim.net/tcp/30303/p2p/16Uiu2HAmPLe7Mzm8TsYUubgCAW1aJoeFScxrLj8ppHFivPo97bUZ;1696235146;1;40;1;1
/ip4/127.0.0.1/tcp/30304/p2p/16Uiu2HAm7Mw97BA7pzxmUxGUdqT24tE5uGg2SHGk6VWfYpfP4LZK;1696235146;0;;0;0
/dns4/node-01.ac-cn-hongkong-c.wakuv2.prod.statusim.net/tcp/30303/p2p/16Uiu2HAm4v86W3bmT1BiH6oSPzcsSr24iDQpSN5Qa992BCjjwgrD;1696235146;1;280;1;1
/dns4/node-01.do-ams3.wakuv2.test.statusim.net/tcp/30303/p2p/16Uiu2HAmPLe7Mzm8TsYUubgCAW1aJoeFScxrLj8ppHFivPo97bUZ;1696235150;1;51;1;1
/ip4/127.0.0.1/tcp/30304/p2p/16Uiu2HAm7Mw97BA7pzxmUxGUdqT24tE5uGg2SHGk6VWfYpfP4LZK;1696235150;0;;0;0
/dns4/node-01.ac-cn-hongkong-c.wakuv2.prod.statusim.net/tcp/30303/p2p/16Uiu2HAm4v86W3bmT1BiH6oSPzcsSr24iDQpSN5Qa992BCjjwgrD;1696235150;1;314;1;1
/dns4/node-01.do-ams3.wakuv2.test.statusim.net/tcp/30303/p2p/16Uiu2HAmPLe7Mzm8TsYUubgCAW1aJoeFScxrLj8ppHFivPo97bUZ;1696235154;1;64;1;1
/ip4/127.0.0.1/tcp/30304/p2p/16Uiu2HAm7Mw97BA7pzxmUxGUdqT24tE5uGg2SHGk6VWfYpfP4LZK;1696235154;0;;0;0
/dns4/node-01.ac-cn-hongkong-c.wakuv2.prod.statusim.net/tcp/30303/p2p/16Uiu2HAm4v86W3bmT1BiH6oSPzcsSr24iDQpSN5Qa992BCjjwgrD;1696235154;1;365;1;1
/dns4/node-01.do-ams3.wakuv2.test.statusim.net/tcp/30303/p2p/16Uiu2HAmPLe7Mzm8TsYUubgCAW1aJoeFScxrLj8ppHFivPo97bUZ;1696235158;1;34;1;1
/ip4/127.0.0.1/tcp/30304/p2p/16Uiu2HAm7Mw97BA7pzxmUxGUdqT24tE5uGg2SHGk6VWfYpfP4LZK;1696235158;0;;0;0
/dns4/node-01.ac-cn-hongkong-c.wakuv2.prod.statusim.net/tcp/30303/p2p/16Uiu2HAm4v86W3bmT1BiH6oSPzcsSr24iDQpSN5Qa992BCjjwgrD;1696235158;1;400;1;1
/dns4/node-01.do-ams3.wakuv2.test.statusim.net/tcp/30303/p2p/16Uiu2HAmPLe7Mzm8TsYUubgCAW1aJoeFScxrLj8ppHFivPo97bUZ;1696235162;1;36;1;1
/ip4/127.0.0.1/tcp/30304/p2p/16Uiu2HAm7Mw97BA7pzxmUxGUdqT24tE5uGg2SHGk6VWfYpfP4LZK;1696235162;0;;0;0
/dns4/node-01.ac-cn-hongkong-c.wakuv2.prod.statusim.net/tcp/30303/p2p/16Uiu2HAm4v86W3bmT1BiH6oSPzcsSr24iDQpSN5Qa992BCjjwgrD;1696235162;1;341;1;1
/dns4/node-01.do-ams3.wakuv2.test.statusim.net/tcp/30303/p2p/16Uiu2HAmPLe7Mzm8TsYUubgCAW1aJoeFScxrLj8ppHFivPo97bUZ;1696235173;1;132;1;1
/ip4/127.0.0.1/tcp/30304/p2p/16Uiu2HAm7Mw97BA7pzxmUxGUdqT24tE5uGg2SHGk6VWfYpfP4LZK;1696235173;0;;0;0
/dns4/node-01.ac-cn-hongkong-c.wakuv2.prod.statusim.net/tcp/30303/p2p/16Uiu2HAm4v86W3bmT1BiH6oSPzcsSr24iDQpSN5Qa992BCjjwgrD;1696235173;1;323;1;1
/dns4/node-01.do-ams3.wakuv2.test.statusim.net/tcp/30303/p2p/16Uiu2HAmPLe7Mzm8TsYUubgCAW1aJoeFScxrLj8ppHFivPo97bUZ;1696235177;1;35;1;1
/ip4/127.0.0.1/tcp/30304/p2p/16Uiu2HAm7Mw97BA7pzxmUxGUdqT24tE5uGg2SHGk6VWfYpfP4LZK;1696235177;0;;0;0
/dns4/node-01.ac-cn-hongkong-c.wakuv2.prod.statusim.net/tcp/30303/p2p/16Uiu2HAm4v86W3bmT1BiH6oSPzcsSr24iDQpSN5Qa992BCjjwgrD;1696235177;1;475;1;1
/dns4/node-01.do-ams3.wakuv2.test.statusim.net/tcp/30303/p2p/16Uiu2HAmPLe7Mzm8TsYUubgCAW1aJoeFScxrLj8ppHFivPo97bUZ;1696235181;1;36;1;1
/ip4/127.0.0.1/tcp/30304/p2p/16Uiu2HAm7Mw97BA7pzxmUxGUdqT24tE5uGg2SHGk6VWfYpfP4LZK;1696235181;0;;0;0
/dns4/node-01.ac-cn-hongkong-c.wakuv2.prod.statusim.net/tcp/30303/p2p/16Uiu2HAm4v86W3bmT1BiH6oSPzcsSr24iDQpSN5Qa992BCjjwgrD;1696235181;1;369;1;1
/dns4/node-01.do-ams3.wakuv2.test.statusim.net/tcp/30303/p2p/16Uiu2HAmPLe7Mzm8TsYUubgCAW1aJoeFScxrLj8ppHFivPo97bUZ;1696235185;1;47;1;1
/ip4/127.0.0.1/tcp/30304/p2p/16Uiu2HAm7Mw97BA7pzxmUxGUdqT24tE5uGg2SHGk6VWfYpfP4LZK;1696235185;0;;0;0
/dns4/node-01.ac-cn-hongkong-c.wakuv2.prod.statusim.net/tcp/30303/p2p/16Uiu2HAm4v86W3bmT1BiH6oSPzcsSr24iDQpSN5Qa992BCjjwgrD;1696235185;1;385;1;1
/dns4/node-01.do-ams3.wakuv2.test.statusim.net/tcp/30303/p2p/16Uiu2HAmPLe7Mzm8TsYUubgCAW1aJoeFScxrLj8ppHFivPo97bUZ;1696235189;1;63;1;1
/ip4/127.0.0.1/tcp/30304/p2p/16Uiu2HAm7Mw97BA7pzxmUxGUdqT24tE5uGg2SHGk6VWfYpfP4LZK;1696235189;0;;0;0
/dns4/node-01.ac-cn-hongkong-c.wakuv2.prod.statusim.net/tcp/30303/p2p/16Uiu2HAm4v86W3bmT1BiH6oSPzcsSr24iDQpSN5Qa992BCjjwgrD;1696235189;1;313;1;1
/dns4/node-01.do-ams3.wakuv2.test.statusim.net/tcp/30303/p2p/16Uiu2HAmPLe7Mzm8TsYUubgCAW1aJoeFScxrLj8ppHFivPo97bUZ;1696235199;1;62;1;1
/ip4/127.0.0.1/tcp/30304/p2p/16Uiu2HAm7Mw97BA7pzxmUxGUdqT24tE5uGg2SHGk6VWfYpfP4LZK;1696235199;0;;0;0
/dns4/node-01.ac-cn-hongkong-c.wakuv2.prod.statusim.net/tcp/30303/p2p/16Uiu2HAm4v86W3bmT1BiH6oSPzcsSr24iDQpSN5Qa992BCjjwgrD;1696235199;1;277;1;1
/dns4/node-01.do-ams3.wakuv2.test.statusim.net/tcp/30303/p2p/16Uiu2HAmPLe7Mzm8TsYUubgCAW1aJoeFScxrLj8ppHFivPo97bUZ;1696235203;1;58;1;1
/ip4/127.0.0.1/tcp/30304/p2p/16Uiu2HAm7Mw97BA7pzxmUxGUdqT24tE5uGg2SHGk6VWfYpfP4LZK;1696235203;0;;0;0
/dns4/node-01.ac-cn-hongkong-c.wakuv2.prod.statusim.net/tcp/30303/p2p/16Uiu2HAm4v86W3bmT1BiH6oSPzcsSr24iDQpSN5Qa992BCjjwgrD;1696235203;1;334;1;1
/dns4/node-01.do-ams3.wakuv2.test.statusim.net/tcp/30303/p2p/16Uiu2HAmPLe7Mzm8TsYUubgCAW1aJoeFScxrLj8ppHFivPo97bUZ;1696235207;1;76;1;1
/ip4/127.0.0.1/tcp/30304/p2p/16Uiu2HAm7Mw97BA7pzxmUxGUdqT24tE5uGg2SHGk6VWfYpfP4LZK;1696235207;0;;0;0
/dns4/node-01.ac-cn-hongkong-c.wakuv2.prod.statusim.net/tcp/30303/p2p/16Uiu2HAm4v86W3bmT1BiH6oSPzcsSr24iDQpSN5Qa992BCjjwgrD;1696235207;1;284;1;1
/dns4/node-01.do-ams3.wakuv2.test.statusim.net/tcp/30303/p2p/16Uiu2HAmPLe7Mzm8TsYUubgCAW1aJoeFScxrLj8ppHFivPo97bUZ;1696235211;1;26;1;1
/ip4/127.0.0.1/tcp/30304/p2p/16Uiu2HAm7Mw97BA7pzxmUxGUdqT24tE5uGg2SHGk6VWfYpfP4LZK;1696235211;0;;0;0
/dns4/node-01.ac-cn-hongkong-c.wakuv2.prod.statusim.net/tcp/30303/p2p/16Uiu2HAm4v86W3bmT1BiH6oSPzcsSr24iDQpSN5Qa992BCjjwgrD;1696235211;1;326;1;1
/dns4/node-01.do-ams3.wakuv2.test.statusim.net/tcp/30303/p2p/16Uiu2HAmPLe7Mzm8TsYUubgCAW1aJoeFScxrLj8ppHFivPo97bUZ;1696235215;1;35;1;1
/ip4/127.0.0.1/tcp/30304/p2p/16Uiu2HAm7Mw97BA7pzxmUxGUdqT24tE5uGg2SHGk6VWfYpfP4LZK;1696235215;0;;0;0
/dns4/node-01.ac-cn-hongkong-c.wakuv2.prod.statusim.net/tcp/30303/p2p/16Uiu2HAm4v86W3bmT1BiH6oSPzcsSr24iDQpSN5Qa992BCjjwgrD;1696235215;1;295;1;1
/dns4/node-01.do-ams3.wakuv2.test.statusim.net/tcp/30303/p2p/16Uiu2HAmPLe7Mzm8TsYUubgCAW1aJoeFScxrLj8ppHFivPo97bUZ;1696235226;1;34;1;1
/ip4/127.0.0.1/tcp/30304/p2p/16Uiu2HAm7Mw97BA7pzxmUxGUdqT24tE5uGg2SHGk6VWfYpfP4LZK;1696235226;0;;0;0
/dns4/node-01.ac-cn-hongkong-c.wakuv2.prod.statusim.net/tcp/30303/p2p/16Uiu2HAm4v86W3bmT1BiH6oSPzcsSr24iDQpSN5Qa992BCjjwgrD;1696235226;1;413;1;1
/dns4/node-01.do-ams3.wakuv2.test.statusim.net/tcp/30303/p2p/16Uiu2HAmPLe7Mzm8TsYUubgCAW1aJoeFScxrLj8ppHFivPo97bUZ;1696235230;1;30;1;1
/ip4/127.0.0.1/tcp/30304/p2p/16Uiu2HAm7Mw97BA7pzxmUxGUdqT24tE5uGg2SHGk6VWfYpfP4LZK;1696235230;0;;0;0
/dns4/node-01.ac-cn-hongkong-c.wakuv2.prod.statusim.net/tcp/30303/p2p/16Uiu2HAm4v86W3bmT1BiH6oSPzcsSr24iDQpSN5Qa992BCjjwgrD;1696235230;1;406;1;1
/dns4/node-01.do-ams3.wakuv2.test.statusim.net/tcp/30303/p2p/16Uiu2HAmPLe7Mzm8TsYUubgCAW1aJoeFScxrLj8ppHFivPo97bUZ;1696235234;1;53;1;1
/ip4/127.0.0.1/tcp/30304/p2p/16Uiu2HAm7Mw97BA7pzxmUxGUdqT24tE5uGg2SHGk6VWfYpfP4LZK;1696235234;0;;0;0
/dns4/node-01.ac-cn-hongkong-c.wakuv2.prod.statusim.net/tcp/30303/p2p/16Uiu2HAm4v86W3bmT1BiH6oSPzcsSr24iDQpSN5Qa992BCjjwgrD;1696235234;1;295;1;1
/dns4/node-01.do-ams3.wakuv2.test.statusim.net/tcp/30303/p2p/16Uiu2HAmPLe7Mzm8TsYUubgCAW1aJoeFScxrLj8ppHFivPo97bUZ;1696235238;1;28;1;1
/ip4/127.0.0.1/tcp/30304/p2p/16Uiu2HAm7Mw97BA7pzxmUxGUdqT24tE5uGg2SHGk6VWfYpfP4LZK;1696235238;0;;0;0
/dns4/node-01.ac-cn-hongkong-c.wakuv2.prod.statusim.net/tcp/30303/p2p/16Uiu2HAm4v86W3bmT1BiH6oSPzcsSr24iDQpSN5Qa992BCjjwgrD;1696235238;1;405;1;1
/dns4/node-01.do-ams3.wakuv2.test.statusim.net/tcp/30303/p2p/16Uiu2HAmPLe7Mzm8TsYUubgCAW1aJoeFScxrLj8ppHFivPo97bUZ;1696235242;1;40;1;1
/ip4/127.0.0.1/tcp/30304/p2p/16Uiu2HAm7Mw97BA7pzxmUxGUdqT24tE5uGg2SHGk6VWfYpfP4LZK;1696235242;0;;0;0
/dns4/node-01.ac-cn-hongkong-c.wakuv2.prod.statusim.net/tcp/30303/p2p/16Uiu2HAm4v86W3bmT1BiH6oSPzcsSr24iDQpSN5Qa992BCjjwgrD;1696235242;1;357;1;1
/dns4/node-01.do-ams3.wakuv2.test.statusim.net/tcp/30303/p2p/16Uiu2HAmPLe7Mzm8TsYUubgCAW1aJoeFScxrLj8ppHFivPo97bUZ;1696235253;1;32;1;1
/ip4/127.0.0.1/tcp/30304/p2p/16Uiu2HAm7Mw97BA7pzxmUxGUdqT24tE5uGg2SHGk6VWfYpfP4LZK;1696235253;0;;0;0
/dns4/node-01.ac-cn-hongkong-c.wakuv2.prod.statusim.net/tcp/30303/p2p/16Uiu2HAm4v86W3bmT1BiH6oSPzcsSr24iDQpSN5Qa992BCjjwgrD;1696235253;1;331;1;1
/dns4/node-01.do-ams3.wakuv2.test.statusim.net/tcp/30303/p2p/16Uiu2HAmPLe7Mzm8TsYUubgCAW1aJoeFScxrLj8ppHFivPo97bUZ;1696235257;1;85;1;1
/ip4/127.0.0.1/tcp/30304/p2p/16Uiu2HAm7Mw97BA7pzxmUxGUdqT24tE5uGg2SHGk6VWfYpfP4LZK;1696235257;0;;0;0
/dns4/node-01.ac-cn-hongkong-c.wakuv2.prod.statusim.net/tcp/30303/p2p/16Uiu2HAm4v86W3bmT1BiH6oSPzcsSr24iDQpSN5Qa992BCjjwgrD;1696235257;1;307;1;1
/dns4/node-01.do-ams3.wakuv2.test.statusim.net/tcp/30303/p2p/16Uiu2HAmPLe7Mzm8TsYUubgCAW1aJoeFScxrLj8ppHFivPo97bUZ;1696235261;1;41;1;1
/ip4/127.0.0.1/tcp/30304/p2p/16Uiu2HAm7Mw97BA7pzxmUxGUdqT24tE5uGg2SHGk6VWfYpfP4LZK;1696235261;0;;0;0
/dns4/node-01.ac-cn-hongkong-c.wakuv2.prod.statusim.net/tcp/30303/p2p/16Uiu2HAm4v86W3bmT1BiH6oSPzcsSr24iDQpSN5Qa992BCjjwgrD;1696235261;1;331;1;1
/dns4/node-01.do-ams3.wakuv2.test.statusim.net/tcp/30303/p2p/16Uiu2HAmPLe7Mzm8TsYUubgCAW1aJoeFScxrLj8ppHFivPo97bUZ;1696235265;1;38;1;1
/ip4/127.0.0.1/tcp/30304/p2p/16Uiu2HAm7Mw97BA7pzxmUxGUdqT24tE5uGg2SHGk6VWfYpfP4LZK;1696235265;0;;0;0
/dns4/node-01.ac-cn-hongkong-c.wakuv2.prod.statusim.net/tcp/30303/p2p/16Uiu2HAm4v86W3bmT1BiH6oSPzcsSr24iDQpSN5Qa992BCjjwgrD;1696235265;1;368;1;1
/dns4/node-01.do-ams3.wakuv2.test.statusim.net/tcp/30303/p2p/16Uiu2HAmPLe7Mzm8TsYUubgCAW1aJoeFScxrLj8ppHFivPo97bUZ;1696235269;1;32;1;1
/ip4/127.0.0.1/tcp/30304/p2p/16Uiu2HAm7Mw97BA7pzxmUxGUdqT24tE5uGg2SHGk6VWfYpfP4LZK;1696235269;0;;0;0
/dns4/node-01.ac-cn-hongkong-c.wakuv2.prod.statusim.net/tcp/30303/p2p/16Uiu2HAm4v86W3bmT1BiH6oSPzcsSr24iDQpSN5Qa992BCjjwgrD;1696235269;1;308;1;1
/dns4/node-01.do-ams3.wakuv2.test.statusim.net/tcp/30303/p2p/16Uiu2HAmPLe7Mzm8TsYUubgCAW1aJoeFScxrLj8ppHFivPo97bUZ;1696235281;1;35;1;1
/ip4/127.0.0.1/tcp/30304/p2p/16Uiu2HAm7Mw97BA7pzxmUxGUdqT24tE5uGg2SHGk6VWfYpfP4LZK;1696235281;0;;0;0
/dns4/node-01.ac-cn-hongkong-c.wakuv2.prod.statusim.net/tcp/30303/p2p/16Uiu2HAm4v86W3bmT1BiH6oSPzcsSr24iDQpSN5Qa992BCjjwgrD;1696235281;1;318;1;1
/dns4/node-01.do-ams3.wakuv2.test.statusim.net/tcp/30303/p2p/16Uiu2HAmPLe7Mzm8TsYUubgCAW1aJoeFScxrLj8ppHFivPo97bUZ;1696235285;1;49;1;1
/ip4/127.0.0.1/tcp/30304/p2p/16Uiu2HAm7Mw97BA7pzxmUxGUdqT24tE5uGg2SHGk6VWfYpfP4LZK;1696235285;0;;0;0
/dns4/node-01.ac-cn-hongkong-c.wakuv2.prod.statusim.net/tcp/30303/p2p/16Uiu2HAm4v86W3bmT1BiH6oSPzcsSr24iDQpSN5Qa992BCjjwgrD;1696235285;1;324;1;1
/dns4/node-01.do-ams3.wakuv2.test.statusim.net/tcp/30303/p2p/16Uiu2HAmPLe7Mzm8TsYUubgCAW1aJoeFScxrLj8ppHFivPo97bUZ;1696235289;1;32;1;1
/ip4/127.0.0.1/tcp/30304/p2p/16Uiu2HAm7Mw97BA7pzxmUxGUdqT24tE5uGg2SHGk6VWfYpfP4LZK;1696235289;0;;0;0
/dns4/node-01.ac-cn-hongkong-c.wakuv2.prod.statusim.net/tcp/30303/p2p/16Uiu2HAm4v86W3bmT1BiH6oSPzcsSr24iDQpSN5Qa992BCjjwgrD;1696235289;1;595;1;1
/dns4/node-01.do-ams3.wakuv2.test.statusim.net/tcp/30303/p2p/16Uiu2HAmPLe7Mzm8TsYUubgCAW1aJoeFScxrLj8ppHFivPo97bUZ;1696235293;1;29;1;1
/ip4/127.0.0.1/tcp/30304/p2p/16Uiu2HAm7Mw97BA7pzxmUxGUdqT24tE5uGg2SHGk6VWfYpfP4LZK;1696235293;0;;0;0
/dns4/node-01.ac-cn-hongkong-c.wakuv2.prod.statusim.net/tcp/30303/p2p/16Uiu2HAm4v86W3bmT1BiH6oSPzcsSr24iDQpSN5Qa992BCjjwgrD;1696235293;1;428;1;1
/dns4/node-01.do-ams3.wakuv2.test.statusim.net/tcp/30303/p2p/16Uiu2HAmPLe7Mzm8TsYUubgCAW1aJoeFScxrLj8ppHFivPo97bUZ;1696235297;1;35;1;1
/ip4/127.0.0.1/tcp/30304/p2p/16Uiu2HAm7Mw97BA7pzxmUxGUdqT24tE5uGg2SHGk6VWfYpfP4LZK;1696235297;0;;0;0
/dns4/node-01.ac-cn-hongkong-c.wakuv2.prod.statusim.net/tcp/30303/p2p/16Uiu2HAm4v86W3bmT1BiH6oSPzcsSr24iDQpSN5Qa992BCjjwgrD;1696235297;1;317;1;1
/dns4/node-01.do-ams3.wakuv2.test.statusim.net/tcp/30303/p2p/16Uiu2HAmPLe7Mzm8TsYUubgCAW1aJoeFScxrLj8ppHFivPo97bUZ;1696235308;1;48;1;1
/ip4/127.0.0.1/tcp/30304/p2p/16Uiu2HAm7Mw97BA7pzxmUxGUdqT24tE5uGg2SHGk6VWfYpfP4LZK;1696235308;0;;0;0
/dns4/node-01.ac-cn-hongkong-c.wakuv2.prod.statusim.net/tcp/30303/p2p/16Uiu2HAm4v86W3bmT1BiH6oSPzcsSr24iDQpSN5Qa992BCjjwgrD;1696235308;1;409;1;1
/dns4/node-01.do-ams3.wakuv2.test.statusim.net/tcp/30303/p2p/16Uiu2HAmPLe7Mzm8TsYUubgCAW1aJoeFScxrLj8ppHFivPo97bUZ;1696235312;1;34;1;1
/ip4/127.0.0.1/tcp/30304/p2p/16Uiu2HAm7Mw97BA7pzxmUxGUdqT24tE5uGg2SHGk6VWfYpfP4LZK;1696235312;0;;0;0
/dns4/node-01.ac-cn-hongkong-c.wakuv2.prod.statusim.net/tcp/30303/p2p/16Uiu2HAm4v86W3bmT1BiH6oSPzcsSr24iDQpSN5Qa992BCjjwgrD;1696235312;1;340;1;1
/dns4/node-01.do-ams3.wakuv2.test.statusim.net/tcp/30303/p2p/16Uiu2HAmPLe7Mzm8TsYUubgCAW1aJoeFScxrLj8ppHFivPo97bUZ;1696235316;1;39;1;1
/ip4/127.0.0.1/tcp/30304/p2p/16Uiu2HAm7Mw97BA7pzxmUxGUdqT24tE5uGg2SHGk6VWfYpfP4LZK;1696235316;0;;0;0
/dns4/node-01.ac-cn-hongkong-c.wakuv2.prod.statusim.net/tcp/30303/p2p/16Uiu2HAm4v86W3bmT1BiH6oSPzcsSr24iDQpSN5Qa992BCjjwgrD;1696235316;1;321;1;1
/dns4/node-01.do-ams3.wakuv2.test.statusim.net/tcp/30303/p2p/16Uiu2HAmPLe7Mzm8TsYUubgCAW1aJoeFScxrLj8ppHFivPo97bUZ;1696235320;1;105;1;1
/ip4/127.0.0.1/tcp/30304/p2p/16Uiu2HAm7Mw97BA7pzxmUxGUdqT24tE5uGg2SHGk6VWfYpfP4LZK;1696235320;0;;0;0
/dns4/node-01.ac-cn-hongkong-c.wakuv2.prod.statusim.net/tcp/30303/p2p/16Uiu2HAm4v86W3bmT1BiH6oSPzcsSr24iDQpSN5Qa992BCjjwgrD;1696235320;1;319;1;1
/dns4/node-01.do-ams3.wakuv2.test.statusim.net/tcp/30303/p2p/16Uiu2HAmPLe7Mzm8TsYUubgCAW1aJoeFScxrLj8ppHFivPo97bUZ;1696235324;1;51;1;1
/ip4/127.0.0.1/tcp/30304/p2p/16Uiu2HAm7Mw97BA7pzxmUxGUdqT24tE5uGg2SHGk6VWfYpfP4LZK;1696235324;0;;0;0
/dns4/node-01.ac-cn-hongkong-c.wakuv2.prod.statusim.net/tcp/30303/p2p/16Uiu2HAm4v86W3bmT1BiH6oSPzcsSr24iDQpSN5Qa992BCjjwgrD;1696235324;1;308;1;1
/dns4/node-01.do-ams3.wakuv2.test.statusim.net/tcp/30303/p2p/16Uiu2HAmPLe7Mzm8TsYUubgCAW1aJoeFScxrLj8ppHFivPo97bUZ;1696235334;1;34;1;1
/ip4/127.0.0.1/tcp/30304/p2p/16Uiu2HAm7Mw97BA7pzxmUxGUdqT24tE5uGg2SHGk6VWfYpfP4LZK;1696235334;0;;0;0
/dns4/node-01.ac-cn-hongkong-c.wakuv2.prod.statusim.net/tcp/30303/p2p/16Uiu2HAm4v86W3bmT1BiH6oSPzcsSr24iDQpSN5Qa992BCjjwgrD;1696235334;1;360;1;1
/dns4/node-01.do-ams3.wakuv2.test.statusim.net/tcp/30303/p2p/16Uiu2HAmPLe7Mzm8TsYUubgCAW1aJoeFScxrLj8ppHFivPo97bUZ;1696235338;1;36;1;1
/ip4/127.0.0.1/tcp/30304/p2p/16Uiu2HAm7Mw97BA7pzxmUxGUdqT24tE5uGg2SHGk6VWfYpfP4LZK;1696235338;0;;0;0
/dns4/node-01.ac-cn-hongkong-c.wakuv2.prod.statusim.net/tcp/30303/p2p/16Uiu2HAm4v86W3bmT1BiH6oSPzcsSr24iDQpSN5Qa992BCjjwgrD;1696235338;1;305;1;1
/dns4/node-01.do-ams3.wakuv2.test.statusim.net/tcp/30303/p2p/16Uiu2HAmPLe7Mzm8TsYUubgCAW1aJoeFScxrLj8ppHFivPo97bUZ;1696235342;1;30;1;1
/ip4/127.0.0.1/tcp/30304/p2p/16Uiu2HAm7Mw97BA7pzxmUxGUdqT24tE5uGg2SHGk6VWfYpfP4LZK;1696235342;0;;0;0
/dns4/node-01.ac-cn-hongkong-c.wakuv2.prod.statusim.net/tcp/30303/p2p/16Uiu2HAm4v86W3bmT1BiH6oSPzcsSr24iDQpSN5Qa992BCjjwgrD;1696235342;1;286;1;1
/dns4/node-01.do-ams3.wakuv2.test.statusim.net/tcp/30303/p2p/16Uiu2HAmPLe7Mzm8TsYUubgCAW1aJoeFScxrLj8ppHFivPo97bUZ;1696235346;1;42;1;1
/ip4/127.0.0.1/tcp/30304/p2p/16Uiu2HAm7Mw97BA7pzxmUxGUdqT24tE5uGg2SHGk6VWfYpfP4LZK;1696235346;0;;0;0
/dns4/node-01.ac-cn-hongkong-c.wakuv2.prod.statusim.net/tcp/30303/p2p/16Uiu2HAm4v86W3bmT1BiH6oSPzcsSr24iDQpSN5Qa992BCjjwgrD;1696235346;1;336;1;1
/dns4/node-01.do-ams3.wakuv2.test.statusim.net/tcp/30303/p2p/16Uiu2HAmPLe7Mzm8TsYUubgCAW1aJoeFScxrLj8ppHFivPo97bUZ;1696235350;1;61;1;1
/ip4/127.0.0.1/tcp/30304/p2p/16Uiu2HAm7Mw97BA7pzxmUxGUdqT24tE5uGg2SHGk6VWfYpfP4LZK;1696235350;0;;0;0
/dns4/node-01.ac-cn-hongkong-c.wakuv2.prod.statusim.net/tcp/30303/p2p/16Uiu2HAm4v86W3bmT1BiH6oSPzcsSr24iDQpSN5Qa992BCjjwgrD;1696235350;1;356;1;1
/dns4/node-01.do-ams3.wakuv2.test.statusim.net/tcp/30303/p2p/16Uiu2HAmPLe7Mzm8TsYUubgCAW1aJoeFScxrLj8ppHFivPo97bUZ;1696235361;1;27;1;1
/ip4/127.0.0.1/tcp/30304/p2p/16Uiu2HAm7Mw97BA7pzxmUxGUdqT24tE5uGg2SHGk6VWfYpfP4LZK;1696235361;0;;0;0
/dns4/node-01.ac-cn-hongkong-c.wakuv2.prod.statusim.net/tcp/30303/p2p/16Uiu2HAm4v86W3bmT1BiH6oSPzcsSr24iDQpSN5Qa992BCjjwgrD;1696235361;1;301;1;1
/dns4/node-01.do-ams3.wakuv2.test.statusim.net/tcp/30303/p2p/16Uiu2HAmPLe7Mzm8TsYUubgCAW1aJoeFScxrLj8ppHFivPo97bUZ;1696235365;1;37;1;1
/ip4/127.0.0.1/tcp/30304/p2p/16Uiu2HAm7Mw97BA7pzxmUxGUdqT24tE5uGg2SHGk6VWfYpfP4LZK;1696235365;0;;0;0
/dns4/node-01.ac-cn-hongkong-c.wakuv2.prod.statusim.net/tcp/30303/p2p/16Uiu2HAm4v86W3bmT1BiH6oSPzcsSr24iDQpSN5Qa992BCjjwgrD;1696235365;1;285;1;1
/dns4/node-01.do-ams3.wakuv2.test.statusim.net/tcp/30303/p2p/16Uiu2HAmPLe7Mzm8TsYUubgCAW1aJoeFScxrLj8ppHFivPo97bUZ;1696235369;1;43;1;1
/ip4/127.0.0.1/tcp/30304/p2p/16Uiu2HAm7Mw97BA7pzxmUxGUdqT24tE5uGg2SHGk6VWfYpfP4LZK;1696235369;0;;0;0
/dns4/node-01.ac-cn-hongkong-c.wakuv2.prod.statusim.net/tcp/30303/p2p/16Uiu2HAm4v86W3bmT1BiH6oSPzcsSr24iDQpSN5Qa992BCjjwgrD;1696235369;1;325;1;1
/dns4/node-01.do-ams3.wakuv2.test.statusim.net/tcp/30303/p2p/16Uiu2HAmPLe7Mzm8TsYUubgCAW1aJoeFScxrLj8ppHFivPo97bUZ;1696235373;1;46;1;1
/ip4/127.0.0.1/tcp/30304/p2p/16Uiu2HAm7Mw97BA7pzxmUxGUdqT24tE5uGg2SHGk6VWfYpfP4LZK;1696235373;0;;0;0
/dns4/node-01.ac-cn-hongkong-c.wakuv2.prod.statusim.net/tcp/30303/p2p/16Uiu2HAm4v86W3bmT1BiH6oSPzcsSr24iDQpSN5Qa992BCjjwgrD;1696235373;1;382;1;1
/dns4/node-01.do-ams3.wakuv2.test.statusim.net/tcp/30303/p2p/16Uiu2HAmPLe7Mzm8TsYUubgCAW1aJoeFScxrLj8ppHFivPo97bUZ;1696235377;1;35;1;1
/ip4/127.0.0.1/tcp/30304/p2p/16Uiu2HAm7Mw97BA7pzxmUxGUdqT24tE5uGg2SHGk6VWfYpfP4LZK;1696235377;0;;0;0
/dns4/node-01.ac-cn-hongkong-c.wakuv2.prod.statusim.net/tcp/30303/p2p/16Uiu2HAm4v86W3bmT1BiH6oSPzcsSr24iDQpSN5Qa992BCjjwgrD;1696235377;1;410;1;1
/dns4/node-01.do-ams3.wakuv2.test.statusim.net/tcp/30303/p2p/16Uiu2HAmPLe7Mzm8TsYUubgCAW1aJoeFScxrLj8ppHFivPo97bUZ;1696235388;1;54;1;1
/ip4/127.0.0.1/tcp/30304/p2p/16Uiu2HAm7Mw97BA7pzxmUxGUdqT24tE5uGg2SHGk6VWfYpfP4LZK;1696235388;0;;0;0
/dns4/node-01.ac-cn-hongkong-c.wakuv2.prod.statusim.net/tcp/30303/p2p/16Uiu2HAm4v86W3bmT1BiH6oSPzcsSr24iDQpSN5Qa992BCjjwgrD;1696235388;1;442;1;1
/dns4/node-01.do-ams3.wakuv2.test.statusim.net/tcp/30303/p2p/16Uiu2HAmPLe7Mzm8TsYUubgCAW1aJoeFScxrLj8ppHFivPo97bUZ;1696235392;1;62;1;1
/ip4/127.0.0.1/tcp/30304/p2p/16Uiu2HAm7Mw97BA7pzxmUxGUdqT24tE5uGg2SHGk6VWfYpfP4LZK;1696235392;0;;0;0
/dns4/node-01.ac-cn-hongkong-c.wakuv2.prod.statusim.net/tcp/30303/p2p/16Uiu2HAm4v86W3bmT1BiH6oSPzcsSr24iDQpSN5Qa992BCjjwgrD;1696235392;1;340;1;1
/dns4/node-01.do-ams3.wakuv2.test.statusim.net/tcp/30303/p2p/16Uiu2HAmPLe7Mzm8TsYUubgCAW1aJoeFScxrLj8ppHFivPo97bUZ;1696235396;1;29;1;1
/ip4/127.0.0.1/tcp/30304/p2p/16Uiu2HAm7Mw97BA7pzxmUxGUdqT24tE5uGg2SHGk6VWfYpfP4LZK;1696235396;0;;0;0
/dns4/node-01.ac-cn-hongkong-c.wakuv2.prod.statusim.net/tcp/30303/p2p/16Uiu2HAm4v86W3bmT1BiH6oSPzcsSr24iDQpSN5Qa992BCjjwgrD;1696235396;1;307;1;1
/dns4/node-01.do-ams3.wakuv2.test.statusim.net/tcp/30303/p2p/16Uiu2HAmPLe7Mzm8TsYUubgCAW1aJoeFScxrLj8ppHFivPo97bUZ;1696235400;1;39;1;1
/ip4/127.0.0.1/tcp/30304/p2p/16Uiu2HAm7Mw97BA7pzxmUxGUdqT24tE5uGg2SHGk6VWfYpfP4LZK;1696235400;0;;0;0
/dns4/node-01.ac-cn-hongkong-c.wakuv2.prod.statusim.net/tcp/30303/p2p/16Uiu2HAm4v86W3bmT1BiH6oSPzcsSr24iDQpSN5Qa992BCjjwgrD;1696235400;1;315;1;1
/dns4/node-01.do-ams3.wakuv2.test.statusim.net/tcp/30303/p2p/16Uiu2HAmPLe7Mzm8TsYUubgCAW1aJoeFScxrLj8ppHFivPo97bUZ;1696235404;1;35;1;1
/ip4/127.0.0.1/tcp/30304/p2p/16Uiu2HAm7Mw97BA7pzxmUxGUdqT24tE5uGg2SHGk6VWfYpfP4LZK;1696235404;0;;0;0
/dns4/node-01.ac-cn-hongkong-c.wakuv2.prod.statusim.net/tcp/30303/p2p/16Uiu2HAm4v86W3bmT1BiH6oSPzcsSr24iDQpSN5Qa992BCjjwgrD;1696235404;1;409;1;1
/dns4/node-01.do-ams3.wakuv2.test.statusim.net/tcp/30303/p2p/16Uiu2HAmPLe7Mzm8TsYUubgCAW1aJoeFScxrLj8ppHFivPo97bUZ;1696235415;1;30;1;1
/ip4/127.0.0.1/tcp/30304/p2p/16Uiu2HAm7Mw97BA7pzxmUxGUdqT24tE5uGg2SHGk6VWfYpfP4LZK;1696235415;0;;0;0
/dns4/node-01.ac-cn-hongkong-c.wakuv2.prod.statusim.net/tcp/30303/p2p/16Uiu2HAm4v86W3bmT1BiH6oSPzcsSr24iDQpSN5Qa992BCjjwgrD;1696235415;1;412;1;1
/dns4/node-01.do-ams3.wakuv2.test.statusim.net/tcp/30303/p2p/16Uiu2HAmPLe7Mzm8TsYUubgCAW1aJoeFScxrLj8ppHFivPo97bUZ;1696235419;1;32;1;1
/ip4/127.0.0.1/tcp/30304/p2p/16Uiu2HAm7Mw97BA7pzxmUxGUdqT24tE5uGg2SHGk6VWfYpfP4LZK;1696235419;0;;0;0
/dns4/node-01.ac-cn-hongkong-c.wakuv2.prod.statusim.net/tcp/30303/p2p/16Uiu2HAm4v86W3bmT1BiH6oSPzcsSr24iDQpSN5Qa992BCjjwgrD;1696235419;1;300;1;1
/dns4/node-01.do-ams3.wakuv2.test.statusim.net/tcp/30303/p2p/16Uiu2HAmPLe7Mzm8TsYUubgCAW1aJoeFScxrLj8ppHFivPo97bUZ;1696235423;1;34;1;1
/ip4/127.0.0.1/tcp/30304/p2p/16Uiu2HAm7Mw97BA7pzxmUxGUdqT24tE5uGg2SHGk6VWfYpfP4LZK;1696235423;0;;0;0
/dns4/node-01.ac-cn-hongkong-c.wakuv2.prod.statusim.net/tcp/30303/p2p/16Uiu2HAm4v86W3bmT1BiH6oSPzcsSr24iDQpSN5Qa992BCjjwgrD;1696235423;1;302;1;1
/dns4/node-01.do-ams3.wakuv2.test.statusim.net/tcp/30303/p2p/16Uiu2HAmPLe7Mzm8TsYUubgCAW1aJoeFScxrLj8ppHFivPo97bUZ;1696235427;1;26;1;1
/ip4/127.0.0.1/tcp/30304/p2p/16Uiu2HAm7Mw97BA7pzxmUxGUdqT24tE5uGg2SHGk6VWfYpfP4LZK;1696235427;0;;0;0
/dns4/node-01.ac-cn-hongkong-c.wakuv2.prod.statusim.net/tcp/30303/p2p/16Uiu2HAm4v86W3bmT1BiH6oSPzcsSr24iDQpSN5Qa992BCjjwgrD;1696235427;1;436;1;1
/dns4/node-01.do-ams3.wakuv2.test.statusim.net/tcp/30303/p2p/16Uiu2HAmPLe7Mzm8TsYUubgCAW1aJoeFScxrLj8ppHFivPo97bUZ;1696235431;1;42;1;1
/ip4/127.0.0.1/tcp/30304/p2p/16Uiu2HAm7Mw97BA7pzxmUxGUdqT24tE5uGg2SHGk6VWfYpfP4LZK;1696235431;0;;0;0
/dns4/node-01.ac-cn-hongkong-c.wakuv2.prod.statusim.net/tcp/30303/p2p/16Uiu2HAm4v86W3bmT1BiH6oSPzcsSr24iDQpSN5Qa992BCjjwgrD;1696235431;1;300;1;1
/dns4/node-01.do-ams3.wakuv2.test.statusim.net/tcp/30303/p2p/16Uiu2HAmPLe7Mzm8TsYUubgCAW1aJoeFScxrLj8ppHFivPo97bUZ;1696235442;1;56;1;1
/ip4/127.0.0.1/tcp/30304/p2p/16Uiu2HAm7Mw97BA7pzxmUxGUdqT24tE5uGg2SHGk6VWfYpfP4LZK;1696235442;0;;0;0
/dns4/node-01.ac-cn-hongkong-c.wakuv2.prod.statusim.net/tcp/30303/p2p/16Uiu2HAm4v86W3bmT1BiH6oSPzcsSr24iDQpSN5Qa992BCjjwgrD;1696235442;1;280;1;1
/dns4/node-01.do-ams3.wakuv2.test.statusim.net/tcp/30303/p2p/16Uiu2HAmPLe7Mzm8TsYUubgCAW1aJoeFScxrLj8ppHFivPo97bUZ;1696235446;1;37;1;1
/ip4/127.0.0.1/tcp/30304/p2p/16Uiu2HAm7Mw97BA7pzxmUxGUdqT24tE5uGg2SHGk6VWfYpfP4LZK;1696235446;0;;0;0
/dns4/node-01.ac-cn-hongkong-c.wakuv2.prod.statusim.net/tcp/30303/p2p/16Uiu2HAm4v86W3bmT1BiH6oSPzcsSr24iDQpSN5Qa992BCjjwgrD;1696235446;1;279;1;1
/dns4/node-01.do-ams3.wakuv2.test.statusim.net/tcp/30303/p2p/16Uiu2HAmPLe7Mzm8TsYUubgCAW1aJoeFScxrLj8ppHFivPo97bUZ;1696235450;1;35;1;1
/ip4/127.0.0.1/tcp/30304/p2p/16Uiu2HAm7Mw97BA7pzxmUxGUdqT24tE5uGg2SHGk6VWfYpfP4LZK;1696235450;0;;0;0
/dns4/node-01.ac-cn-hongkong-c.wakuv2.prod.statusim.net/tcp/30303/p2p/16Uiu2HAm4v86W3bmT1BiH6oSPzcsSr24iDQpSN5Qa992BCjjwgrD;1696235450;1;331;1;1
/dns4/node-01.do-ams3.wakuv2.test.statusim.net/tcp/30303/p2p/16Uiu2HAmPLe7Mzm8TsYUubgCAW1aJoeFScxrLj8ppHFivPo97bUZ;1696235454;1;161;1;1
/ip4/127.0.0.1/tcp/30304/p2p/16Uiu2HAm7Mw97BA7pzxmUxGUdqT24tE5uGg2SHGk6VWfYpfP4LZK;1696235454;0;;0;0
/dns4/node-01.ac-cn-hongkong-c.wakuv2.prod.statusim.net/tcp/30303/p2p/16Uiu2HAm4v86W3bmT1BiH6oSPzcsSr24iDQpSN5Qa992BCjjwgrD;1696235454;1;334;1;1
/dns4/node-01.do-ams3.wakuv2.test.statusim.net/tcp/30303/p2p/16Uiu2HAmPLe7Mzm8TsYUubgCAW1aJoeFScxrLj8ppHFivPo97bUZ;1696235458;1;36;1;1
/ip4/127.0.0.1/tcp/30304/p2p/16Uiu2HAm7Mw97BA7pzxmUxGUdqT24tE5uGg2SHGk6VWfYpfP4LZK;1696235458;0;;0;0
/dns4/node-01.ac-cn-hongkong-c.wakuv2.prod.statusim.net/tcp/30303/p2p/16Uiu2HAm4v86W3bmT1BiH6oSPzcsSr24iDQpSN5Qa992BCjjwgrD;1696235458;1;297;1;1
